==================================================================
GATE STEP 1: validate data contracts
  $ python3 scripts/validate_data.py
------------------------------------------------------------------
ok    player_projections.json      vs player_projections.schema.json
ok    player_history.json          vs player_history.schema.json
ok    player_weekly.json           vs player_weekly.schema.json
ok    game_predictions.json        vs game_predictions.schema.json
ok    team_strength.json           vs team_strength.schema.json
ok    game_script.json             vs game_script.schema.json
ok    oline_composite.json         vs oline_composite.schema.json
ok    market_prices.json           vs market_prices.schema.json
ok    playoff_odds.json            vs playoff_odds.schema.json
ok    defense_composite.json       vs defense_composite.schema.json
ok    adp.json                     vs adp.schema.json
ok    parlays.json                 vs parlays.schema.json
ok    pipeline_status.json         vs pipeline_status.schema.json
ok    meta.json                    vs meta.schema.json
ok    environment_model.json       vs environment_model.schema.json
ok    ai_insights.json             vs ai_insights.schema.json
ok    epa_history.json             vs epa_history.schema.json
ok    weather_history.json         vs weather_history.schema.json
ok    weather_forecast.json        vs weather_forecast.schema.json
ok    market_baseline.json         vs market_baseline.schema.json
ok    injury_history.json          vs injury_history.schema.json
ok    injuries.json                vs injuries.schema.json
ok    player_usage.json            vs player_usage.schema.json
ok    player_usage_history.json    vs player_usage_history.schema.json
ok    player_usage_weekly.json     vs player_usage_weekly.schema.json
ok    ros_backtest.json            vs ros_backtest.schema.json
ok    player_backtest.json         vs player_backtest.schema.json
ok    adp_history.json             vs adp_history.schema.json
ok    kdst_projections.json        vs kdst_projections.schema.json
ok    kdst_weekly_history.json     vs kdst_weekly_history.schema.json
ok    kdst_backtest.json           vs kdst_backtest.schema.json
ok    leg_pool.json                vs leg_pool.schema.json
ok    leg_pool_backtest.json       vs leg_pool_backtest.schema.json
ok    game_context.json            vs game_context.schema.json
ok    scheme_history.json          vs scheme_history.schema.json
ok    dvp_positional_history.json  vs dvp_positional_history.schema.json
ok    preseason_form.json          vs preseason_form.schema.json
ok    rookie_starters.json         vs rookie_starters.schema.json
ok    sleeper_projections.json     vs sleeper_projections.schema.json
ok    estimate_scores.json         vs estimate_scores.schema.json
ok    weekly_backtest.json         vs weekly_backtest.schema.json
ok    parlay_backtest.json         vs parlay_backtest.schema.json
ok    parlay_leg_scores.json       vs parlay_leg_scores.schema.json
ok    line_report.json             vs line_report.schema.json
ok    review.json                  vs review.schema.json
ok    parlays/index.json           vs parlays_index.schema.json
ok    depth_chart.json             vs depth_chart.schema.json
skip  inactives.json               (runner-built, not present yet)
ok    replay_lab.json              vs replay_lab.schema.json
ok    snapshots/2026_wk01_games_open.json      vs snapshot.schema.json
ok    snapshots/2026_wk02_games_open.json      vs snapshot.schema.json
ok    snapshots/game_predictions.20260717T121943Z.json vs game_predictions.schema.json
ok    snapshots/game_predictions.20260719T031822Z.json vs game_predictions.schema.json
ok    snapshots/game_predictions.20260719T063449Z.json vs game_predictions.schema.json
ok    snapshots/game_predictions.20260719T095641Z.json vs game_predictions.schema.json
ok    snapshots/game_predictions.20260719T111325Z.json vs game_predictions.schema.json
ok    snapshots/game_predictions.20260719T132629Z.json vs game_predictions.schema.json
ok    snapshots/game_predictions.20260719T150133Z.json vs game_predictions.schema.json
ok    snapshots/game_predictions.20260719T170334Z.json vs game_predictions.schema.json
ok    snapshots/game_predictions.20260719T191303Z.json vs game_predictions.schema.json
ok    snapshots/game_predictions.20260719T205635Z.json vs game_predictions.schema.json
ok    snapshots/game_predictions.20260719T225823Z.json vs game_predictions.schema.json
ok    snapshots/game_predictions.20260720T034728Z.json vs game_predictions.schema.json
ok    snapshots/game_predictions.20260721T024926Z.json vs game_predictions.schema.json
ok    snapshots/game_predictions.20260724T012508Z.json vs game_predictions.schema.json
ok    snapshots/game_predictions.20260724T045958Z.json vs game_predictions.schema.json
ok    snapshots/game_predictions.20260726T032245Z.json vs game_predictions.schema.json
ok    snapshots/game_predictions.20260726T064148Z.json vs game_predictions.schema.json
ok    snapshots/game_predictions.20260726T100457Z.json vs game_predictions.schema.json
ok    snapshots/game_predictions.20260726T133908Z.json vs game_predictions.schema.json
ok    snapshots/game_predictions.20260726T151043Z.json vs game_predictions.schema.json
ok    snapshots/game_predictions.20260726T170734Z.json vs game_predictions.schema.json
ok    snapshots/game_predictions.20260726T191844Z.json vs game_predictions.schema.json
ok    snapshots/game_predictions.20260726T210353Z.json vs game_predictions.schema.json
ok    snapshots/game_predictions.20260726T230305Z.json vs game_predictions.schema.json
ok    snapshots/game_predictions.20260727T034705Z.json vs game_predictions.schema.json
ok    snapshots/game_predictions.20260728T023905Z.json vs game_predictions.schema.json
ok    snapshots/game_predictions.20260731T012931Z.json vs game_predictions.schema.json
ok    snapshots/game_predictions.20260731T052250Z.json vs game_predictions.schema.json
ok    snapshots/game_predictions.20260802T032121Z.json vs game_predictions.schema.json
ok    snapshots/game_predictions.20260802T063828Z.json vs game_predictions.schema.json
ok    snapshots/game_predictions.20260802T100234Z.json vs game_predictions.schema.json
ok    snapshots/game_predictions.20260802T133740Z.json vs game_predictions.schema.json
ok    snapshots/game_predictions.20260802T150712Z.json vs game_predictions.schema.json
ok    snapshots/game_predictions.20260802T170557Z.json vs game_predictions.schema.json
ok    snapshots/game_predictions.20260802T191737Z.json vs game_predictions.schema.json
ok    snapshots/game_predictions.20260802T210109Z.json vs game_predictions.schema.json
ok    snapshots/game_predictions.20260802T230032Z.json vs game_predictions.schema.json
ok    snapshots/game_predictions.20260803T033808Z.json vs game_predictions.schema.json
ok    snapshots/game_predictions.20260804T023942Z.json vs game_predictions.schema.json
ok    snapshots/game_predictions.20260807T020050Z.json vs game_predictions.schema.json
ok    snapshots/game_predictions.20260807T042638Z.json vs game_predictions.schema.json
ok    snapshots/game_predictions.20260809T020047Z.json vs game_predictions.schema.json
ok    snapshots/game_predictions.20260809T035135Z.json vs game_predictions.schema.json
ok    snapshots/game_predictions.20260809T051030Z.json vs game_predictions.schema.json
ok    snapshots/game_predictions.20260809T070319Z.json vs game_predictions.schema.json
ok    snapshots/game_predictions.20260809T084929Z.json vs game_predictions.schema.json
ok    snapshots/game_predictions.20260809T103930Z.json vs game_predictions.schema.json
ok    snapshots/game_predictions.20260809T125914Z.json vs game_predictions.schema.json
ok    snapshots/game_predictions.20260809T144015Z.json vs game_predictions.schema.json
ok    snapshots/game_predictions.20260809T164102Z.json vs game_predictions.schema.json
ok    snapshots/game_predictions.20260809T184737Z.json vs game_predictions.schema.json
ok    snapshots/game_predictions.20260809T203829Z.json vs game_predictions.schema.json
ok    snapshots/game_predictions.20260809T223614Z.json vs game_predictions.schema.json
ok    snapshots/game_predictions.20260810T022113Z.json vs game_predictions.schema.json
ok    snapshots/game_predictions.20260811T015105Z.json vs game_predictions.schema.json
ok    snapshots/game_predictions.20260811T034659Z.json vs game_predictions.schema.json
ok    snapshots/game_predictions.20260814T005630Z.json vs game_predictions.schema.json
ok    snapshots/game_predictions.20260814T035523Z.json vs game_predictions.schema.json
ok    snapshots/game_predictions.20260816T013735Z.json vs game_predictions.schema.json
ok    snapshots/game_predictions.20260816T030452Z.json vs game_predictions.schema.json
ok    snapshots/game_predictions.20260816T044104Z.json vs game_predictions.schema.json
ok    snapshots/game_predictions.20260816T064611Z.json vs game_predictions.schema.json
ok    snapshots/game_predictions.20260816T083456Z.json vs game_predictions.schema.json
ok    snapshots/game_predictions.20260816T102845Z.json vs game_predictions.schema.json
ok    snapshots/game_predictions.20260816T124655Z.json vs game_predictions.schema.json
ok    snapshots/game_predictions.20260816T142825Z.json vs game_predictions.schema.json
ok    snapshots/game_predictions.20260816T163047Z.json vs game_predictions.schema.json
ok    snapshots/game_predictions.20260816T183522Z.json vs game_predictions.schema.json
ok    snapshots/game_predictions.20260816T202800Z.json vs game_predictions.schema.json
ok    snapshots/game_predictions.20260816T222628Z.json vs game_predictions.schema.json
ok    snapshots/game_predictions.20260817T014454Z.json vs game_predictions.schema.json
ok    snapshots/game_predictions.20260817T030750Z.json vs game_predictions.schema.json
ok    snapshots/game_predictions.20260818T011805Z.json vs game_predictions.schema.json
ok    snapshots/game_predictions.20260818T025832Z.json vs game_predictions.schema.json
ok    snapshots/game_predictions.20260821T003608Z.json vs game_predictions.schema.json
ok    snapshots/game_predictions.20260821T025517Z.json vs game_predictions.schema.json
ok    snapshots/game_predictions.20260823T013908Z.json vs game_predictions.schema.json
ok    snapshots/game_predictions.20260823T030709Z.json vs game_predictions.schema.json
ok    snapshots/game_predictions.20260823T044228Z.json vs game_predictions.schema.json
ok    snapshots/game_predictions.20260823T064839Z.json vs game_predictions.schema.json
ok    snapshots/game_predictions.20260823T083530Z.json vs game_predictions.schema.json
ok    snapshots/game_predictions.20260823T102903Z.json vs game_predictions.schema.json
ok    snapshots/game_predictions.20260823T124737Z.json vs game_predictions.schema.json
ok    snapshots/game_predictions.20260823T142823Z.json vs game_predictions.schema.json
ok    snapshots/game_predictions.20260823T163205Z.json vs game_predictions.schema.json
ok    snapshots/game_predictions.20260823T183604Z.json vs game_predictions.schema.json
ok    snapshots/game_predictions.20260823T202835Z.json vs game_predictions.schema.json
ok    snapshots/game_predictions.20260823T222710Z.json vs game_predictions.schema.json
ok    snapshots/game_predictions.20260824T014657Z.json vs game_predictions.schema.json
ok    snapshots/game_predictions.20260824T031129Z.json vs game_predictions.schema.json
ok    snapshots/game_predictions.20260825T012016Z.json vs game_predictions.schema.json
ok    snapshots/game_predictions.20260825T030102Z.json vs game_predictions.schema.json
ok    snapshots/game_predictions.20260828T072250Z.json vs game_predictions.schema.json
ok    snapshots/game_predictions.20260830T043520Z.json vs game_predictions.schema.json
ok    snapshots/game_predictions.20260830T113508Z.json vs game_predictions.schema.json
ok    snapshots/game_predictions.20260830T162227Z.json vs game_predictions.schema.json
ok    snapshots/game_predictions.20260830T204831Z.json vs game_predictions.schema.json
ok    snapshots/game_predictions.20260831T050429Z.json vs game_predictions.schema.json
ok    snapshots/game_predictions.20260904T014221Z.json vs game_predictions.schema.json
ok    snapshots/game_predictions.20260906T034551Z.json vs game_predictions.schema.json
ok    snapshots/game_predictions.20260906T083109Z.json vs game_predictions.schema.json
ok    snapshots/game_predictions.20260906T133016Z.json vs game_predictions.schema.json
ok    snapshots/game_predictions.20260906T164804Z.json vs game_predictions.schema.json
ok    snapshots/game_predictions.20260906T201319Z.json vs game_predictions.schema.json
ok    snapshots/game_predictions.20260906T233902Z.json vs game_predictions.schema.json
ok    snapshots/game_predictions.20260907T040837Z.json vs game_predictions.schema.json
ok    snapshots/game_predictions.20260908T033148Z.json vs game_predictions.schema.json
ok    snapshots/game_predictions.20260911T014707Z.json vs game_predictions.schema.json
ok    snapshots/game_predictions.20260911T064552Z.json vs game_predictions.schema.json
ok    snapshots/game_predictions.20260913T040122Z.json vs game_predictions.schema.json
ok    snapshots/game_predictions.20260913T141241Z.json vs game_predictions.schema.json
ok    snapshots/game_predictions.20260913T184001Z.json vs game_predictions.schema.json
ok    snapshots/game_predictions.20260913T221621Z.json vs game_predictions.schema.json
ok    snapshots/game_predictions.20260914T043113Z.json vs game_predictions.schema.json
ok    snapshots/game_predictions.20260915T035207Z.json vs game_predictions.schema.json
ok    estimates/2026.json                      vs estimate_ledger.schema.json
ok    estimates/parlays_2026.json              vs parlay_ledger.schema.json
ok    parlays/2026_wk01.json                 vs parlays_archive.schema.json
ok    parlays/2026_wk02.json                 vs parlays_archive.schema.json
ok    meta.json signal-registry invariant (32 signals @ 0.0)
ok    pipeline_status.json health honesty invariant
ok    player_weekly.json availability cross-file invariant (+ R77/R79 gate)
ok    player_weekly.json component-line invariant (R44)
ok    kdst_projections.json partial-scoring honesty invariant
ok    market price fields display-only invariant (adp, auction_value)
ok    parlays.json legs carry OUR probability (no market price in model_prob)
ok    parlays.json keeps one leg per game side
ok    no prop leg on a player who does not play this week (slate + pool)
ok    no book-derived probability on any model output (4 docs)
ok    game_context.json carries no market column at any depth
ok    game_context.json corpus join + label-only declaration

All data contracts valid.
GATE STEP 1 PASS: validate data contracts
==================================================================
GATE STEP 2: smoke tests
  $ bash tests/smoke.sh
------------------------------------------------------------------
smoke: checking key files exist
smoke: pipeline math selftests (fixture-driven, never write data/)
selftest OK: 6 plays aggregated, sums exact, LA->LAR renamed
  (selftest fixture — the trim line below is synthetic history, not data/model_tuning.json)
history trimmed: dropped 3 oldest signal_promotion entries (cap 52)
selftest OK: rest clamp + EPA leak-free blending + skill_out share-weighting exact + cold-game gameday fallback + history cap + non-appliable fallthrough + significance statistics vs published values
selftest OK: kickoff-hour picking exact
selftest OK: horizon pick, non-dome (open + retractable) targets, climatology means with the n >= 4 floor and the measured rule guard, key formats
selftest OK: moneyline de-vig math exact
selftest OK: status filter + rename + shaping exact; OL/DL-front positions admitted, skill rows unchanged; nflverse statuses map to the canonical week-class vocabulary
selftest OK: 8 canonical codes, 15 feed spellings mapped, unknown stays unknown, MIN_WEEKS_OUT=4, offseason-mover fallback joins by unique name only
selftest OK: 12 real positives (11 season-ending, 1 counted), 5 real rows killed by the status gate, 11 nulls stayed null
[warn] build_weekly: feed dvp.json unavailable ([Errno 2] No such file or directory: '/nonexistent/dvp.json'); its factor is neutral for every week
[warn] build_weekly: feed env.json unavailable ([Errno 2] No such file or directory: '/nonexistent/env.json'); its factor is neutral for every week
[warn] build_weekly: feed fc.json unavailable ([Errno 2] No such file or directory: '/nonexistent/fc.json'); its factor is neutral for every week
selftest OK: week-shaping preserves the season total, unavailability reduces it pro-rata, the two never mix, a healthy build is unchanged, and every weekly_split_v2 factor (DvP, QB-only tilt, weather, venue) is neutral-by-default and renormalization-safe
ok    selftest: one leg per game side (stack caught, opposite side and props allowed)
selftest OK: availability cross-file invariant catches renormalized blocked weeks, duration/consequence drift, orphan flags, dropped reports (a hurt pool player with no block) and a dishonest model summary; parlay legs reject a market price in model_prob, a mislabelled side, a total leg and a model/market collision; the six R30b keywords (minProperties/maxProperties/pattern/exclusiveMinimum/exclusiveMaximum/minLength) each fail a violating document; $ref is a hard error; market_prices is validated below the top level; the R58 parlay ledger / leg-score contracts red on a string flag, a >1 probability, an off-enum market or reason, an undeclared leg field and a missing finals_source
selftest OK: usage aggregation exact
selftest OK: per-season usage-share aggregation exact
selftest OK: through-week-N usage aggregation exact, reconciled against upstream, multi-cut
selftest OK: PPR table exact; cap +/-0.03 enforced at every ratio; decay 1.0/0.667/0.333/0.0 -> adj 1.03/1.02/1.01/1.0 EXACTLY at 3 team finals; sample 3/15 -> 1.006; honest 1.0 with a reason on absent inputs; rank guard measured against the real 300-player board (bound 2)
selftest OK: rank/error math, leak-freedom, deployed-engine identity, split->sum path identity, walk-forward document shape, R49 baseline gate + candidate machinery
selftest OK: sample transform exact (8 of 9 rows kept, 4 renames, 1999 kickoff null), 7276 corpus games across 27 seasons, 1359 overlap games agree with the ESPN fixtures
  probe:         no overlapping seasons — nothing to reconcile
selftest OK: flat key + renames, meeting_no 1/2/3 by date, unplayed skipped and counted, nulls never fabricated, 8 poisoned market columns kept out by name AND by value, header/team/join guards loud
selftest OK: ppr_scrimmage exact on hand-computed QB/WR/blank rows, team+position normalisation, off/def mirror identity, per-position league balance, REG-only filter, multi-game weeks, missing-opponent drop counted, corpus reconcile counts misses without raising
selftest OK: FTN joins to pbp for team attribution, sentinel filter fires on uncharted rows, postseason and teamless rows dropped, offence/defence credited to the right side, sums recompose, a column rename raises, a broken join raises, application path DARK
selftest ok (no file written): 2 kickers, 2 defenses, 5 skipped, 3 unmodelled DEF keys
selftest OK: exact-match crosswalk (espn/gsis/name/team_def), pts_ppr row rule, stat_keys reduction, match report, determinism
selftest OK: idempotent per as-of, first/latest kept, weeks lock from the last pre-kickoff estimate and never change, no estimate -> no lock
selftest OK: name+position join, REG-only, skip-when-no-rows, dnp=0 by fact, unmatched listed by name and never scored, skip reasons name the weeks, counts conserve, null metrics at 0 resolved
selftest OK: idempotent per as-of, first sight locks as-made fields and never rewrites them, post-kickoff legs recorded unlocked, player + p_team from the pool (ambiguous -> null), off-slate legs skipped and counted
selftest OK: name/abbreviation join on team + position, LA->LAR, REG only, hit at the line, unlocked never scored, no stat line / ambiguous / unidentified are unresolved with reasons, tie and push unresolved, seed and model scored on identical legs, null metrics at 0 resolved
[fit_player_signals] not ready, nothing fitted, nothing written: resolved ledger has 0 week(s) (0 rows); the player objective needs >= 1 resolved week(s) — refusing to fit on nothing: no rows
fit_player_signals: weeks=1 rows=6 folds=0 current_mae=None candidate_mae=None would_adopt=False verdict=refused
archived to /var/folders/5z/fr4zr0tx17j3g_y3frqt_5krqxv0lz/T/tmphw0fn_wp/tuning.json history (adopted=false; would_adopt=False)
fit_player_signals: weeks=2 rows=12 folds=1 current_mae=2.6 candidate_mae=0.0 would_adopt=True verdict=propose
archived to /var/folders/5z/fr4zr0tx17j3g_y3frqt_5krqxv0lz/T/tmphw0fn_wp/tuning.json history (adopted=false; would_adopt=True)
fit_player_signals: weeks=1 rows=6 folds=0 current_mae=None candidate_mae=None would_adopt=False verdict=refused
selftest OK: refuses at 0 resolved weeks, 1 week gives no fold (verdict refused, reason archived), two weeks propose, walk-forward recovers a true signal, never-regress margin gates adoption
selftest OK: season number fixed and leak-free, venue/Elo walk-forward, QB-only tilt through the deployed split, contract keys present, bootstrap deterministic, live 2026 block honest at zero and joined on locked rows
selftest OK: latest snapshot, rank-1 OL/DL-front starters (OLB excluded), ESPN-id + name-key join, both release shapes, honest unavailable document
selftest OK: walk-forward starters, factor rules, planted OL effect visible in the ratio table and cleared by an a>0 variant, verdict shape, artifact clean
selftest OK: status gating (FINAL/receipt grade, halftime and 0-0 stubs never), band verdicts incl. boundaries, DNP null not 0, measured why sums to delta, adapter on C's ledger shapes, parlay hit/miss/pending/void, summary math, narrative carry-forward, schema + JSON convention; R72 right/wrong/tbd, week blocks through the pipeline week, five parlay buckets <-> result, players_season tally, the learning proof from lock files + refit archive; R75 per-parlay money (settled rows sum to the footer, a pending parlay is quoted not settled, schema); R73 stake_100 P&L (all_hit / push drop-out / loss / pending excluded / assumed -110 / vig re-pricing)
selftest OK: env-gated skip (exit 0), request shape (model from env only, temperature 0, no thinking), response parsing, <=60-word and no-new-number guards, why_hash idempotence, temperature-400 retry, refusal -> nothing written
selftest OK: first sight creates, same as-of unchanged (byte-identical), reprice refreshes + history, close on every-game-FINAL keeps the cards, closed never rewritten, dry-run writes nothing, index shape/order/current_week, schemas, canonical JSON
selftest OK
[gate] REFUSED: wide corpus too small to answer — 200 row(s) over 1 season(s), need >= 5000 over >= 3
selftest OK: ECE/skill behave on known inputs, a planted signal is adopted, noise / a tie / a well-calibrated coin flip are all refused, no later season leaks into an earlier fold, a small corpus is refused, and a tighter support window refuses more rungs
selftest OK: only in-support rungs ship, refusals and leg-less players are counted, p_team follows the side, the pool prices without quoting, and game legs are copied verbatim and de-duped
selftest OK: Phi/Phi^-1 match the stdlib and reproduce the retired spread rule exactly; the join scores only locked+resolved legs and counts every other one by reason; each variant prices identical legs with its skips counted; the support rule bites; the bootstrap calls better/worse/same correctly and reproducibly; a parlay with an unresolved leg is excluded; the EV comes from the builder; the selection rules count what they say; a 0-week document is all nulls; and the only file this module can write is its own output
selftest OK: REG-only QB/RB/WR/TE actuals with the season floor, played REG games from 2019, renames applied, headers guarded, encoding matches the fixture
selftest OK: js modules 37, py defs 1175, feeds 51
smoke: parsing every data/*.json (recursively)
smoke: canonical JSON write convention (QA-D9)
smoke: core invariants
smoke: all core invariants hold
SMOKE PASS
GATE STEP 2 PASS: smoke tests
==================================================================
GATE STEP 3: feature tests (incl. AA contrast)
  $ node --test tests/feature/ai_insights.test.mjs tests/feature/appliable_fallthrough.test.mjs tests/feature/auction.test.mjs tests/feature/auction_memory.test.mjs tests/feature/availability.test.mjs tests/feature/availability_app.test.mjs tests/feature/backtest.test.mjs tests/feature/backtest_corpus.test.mjs tests/feature/backtest_honesty.test.mjs tests/feature/backtest_player.test.mjs tests/feature/compare_view.test.mjs tests/feature/conformal.test.mjs tests/feature/contrast_aa.test.mjs tests/feature/contrast_aa_hig.test.mjs tests/feature/data_contract.test.mjs tests/feature/draft_live.test.mjs tests/feature/draft_sim.test.mjs tests/feature/environment_model.test.mjs tests/feature/espn_record_fields.test.mjs tests/feature/family_coach_quality.test.mjs tests/feature/family_coach_regime.test.mjs tests/feature/family_divisional.test.mjs tests/feature/family_dvp.test.mjs tests/feature/family_scheme.test.mjs tests/feature/game_context.test.mjs tests/feature/game_script.test.mjs tests/feature/gate_config.test.mjs tests/feature/grade_engine.test.mjs tests/feature/history_contract.test.mjs tests/feature/kdst.test.mjs tests/feature/kdst_seating.test.mjs tests/feature/league_profile.test.mjs tests/feature/learning_loop.test.mjs tests/feature/lineup.test.mjs tests/feature/market_display.test.mjs tests/feature/market_prices.test.mjs tests/feature/metrics.test.mjs tests/feature/mocks.test.mjs tests/feature/model_view.test.mjs tests/feature/never_regress.test.mjs tests/feature/nflverse_aggregates.test.mjs tests/feature/offgrid_search.test.mjs tests/feature/oline_contract.test.mjs tests/feature/parlay_market_independence.test.mjs tests/feature/parlay_props.test.mjs tests/feature/parlay_rules.test.mjs tests/feature/pipeline_freshness.test.mjs tests/feature/pipeline_wiring.test.mjs tests/feature/players_view.test.mjs tests/feature/playoff_odds.test.mjs tests/feature/playoff_sos.test.mjs tests/feature/preseason.test.mjs tests/feature/qa_debt_p0.test.mjs tests/feature/r24_sweep.test.mjs tests/feature/r24b_layout.test.mjs tests/feature/r24d_fixes.test.mjs tests/feature/r24f_builders.test.mjs tests/feature/r26_caps_source.test.mjs tests/feature/r27_auction.test.mjs tests/feature/r30_blockers.test.mjs tests/feature/r30b_model.test.mjs tests/feature/r30b_orphans.test.mjs tests/feature/r30b_parity.test.mjs tests/feature/r30b_pipeline.test.mjs tests/feature/r30b_theme.test.mjs tests/feature/r30c_minors.test.mjs tests/feature/r32_draft_readiness.test.mjs tests/feature/r34_reset_theme.test.mjs tests/feature/r35_polish.test.mjs tests/feature/r39_roster_resilience.test.mjs tests/feature/r40_hardening.test.mjs tests/feature/r41_nflverse_label.test.mjs tests/feature/r42_league_schedule.test.mjs tests/feature/r43_kdef_league.test.mjs tests/feature/r44_components.test.mjs tests/feature/r45_rookie_starters.test.mjs tests/feature/r46_measured_dst.test.mjs tests/feature/r47_alignment.test.mjs tests/feature/r48_grade_weekly.test.mjs tests/feature/r48_league_tab.test.mjs tests/feature/r48_team_sync.test.mjs tests/feature/r49_baseline.test.mjs tests/feature/r49_learning_ledger.test.mjs tests/feature/r49_override.test.mjs tests/feature/r49_sleeper_display.test.mjs tests/feature/r49_sleeper_projections.test.mjs tests/feature/r49_waivers.test.mjs tests/feature/r51_ai_plus.test.mjs tests/feature/r51_model.test.mjs tests/feature/r51_parlay.test.mjs tests/feature/r51_weekly.test.mjs tests/feature/r52_grade_load.test.mjs tests/feature/r52_sleeper_index.test.mjs tests/feature/r52_team_sync.test.mjs tests/feature/r53_ledger_live.test.mjs tests/feature/r55_kdst_weekly_split.test.mjs tests/feature/r56_weather.test.mjs tests/feature/r58_parlay_ledger.test.mjs tests/feature/r70_lines.test.mjs tests/feature/r71_review.test.mjs tests/feature/r72_review_summary.test.mjs tests/feature/r72_review_ui.test.mjs tests/feature/r73_parlay_archive.test.mjs tests/feature/r73_parlay_history.test.mjs tests/feature/r74_one_leg_per_side.test.mjs tests/feature/r75_parlay_money.test.mjs tests/feature/r76_leg_pool.test.mjs tests/feature/r76_myparlays_search.test.mjs tests/feature/r76_parlay_math_parity.test.mjs tests/feature/r77_app_playable.test.mjs tests/feature/r77_playable.test.mjs tests/feature/r78_model_lock.test.mjs tests/feature/r79_inactives.test.mjs tests/feature/r81_replay_lab.test.mjs tests/feature/r82_myparlays_layout.test.mjs tests/feature/real_data.test.mjs tests/feature/rel18_families.test.mjs tests/feature/rel6_contracts.test.mjs tests/feature/rel7_contracts.test.mjs tests/feature/ros.test.mjs tests/feature/roster_shape.test.mjs tests/feature/signal_registry.test.mjs tests/feature/sleeper_import.test.mjs tests/feature/snapshot_routing.test.mjs tests/feature/stale_text.test.mjs tests/feature/team_league_settings.test.mjs tests/feature/team_logic.test.mjs tests/feature/team_rel2.test.mjs tests/feature/team_roster_sync.test.mjs tests/feature/team_vor.test.mjs tests/feature/usage_weekly.test.mjs tests/feature/weekly_contract.test.mjs tests/feature/weekly_injury.test.mjs
------------------------------------------------------------------
✔ default is "off" — the AI layer is strictly opt-in (0.330916ms)
✔ players cover the projection pool (>= 250 projected ids) (0.133083ms)
✔ every field carries source + why and stays within the |0.25| bound (0.823583ms)
✔ cold_adj weeks are 2026 regular-season week numbers (1..18) (0.768875ms)
✔ provenance honesty: an AI-estimated why says so; both sources appear in real data (0.155792ms)
✔ fallthrough: a non-appliable winner is recorded, and never vetoes (64.735583ms)
✔ fallthrough: the gate wires the guard to the helper and flags every family (1.138084ms)
✔ maxBid always reserves $1 per remaining open slot (0.409833ms)
✔ marketDollars: the draftable pool absorbs EXACTLY the room budget (0.311833ms)
✔ fairDollars: better players cost more, floor is $1, budget-scaled (1.011666ms)
✔ inflation: money chasing value (0.147791ms)
✔ classifyNomination: BAIT when market overprices, TARGET when we do (0.061375ms)
✔ tendencyUpdate: EW-learns overpay ratio, clamped (0.0665ms)
✔ planBudget: stars front-loads, balanced spreads, both sum exactly (0.126208ms)
✔ a full simulated auction fills every roster and never overdraws (3.759584ms)
✔ auctions are deterministic for a fixed seed (3.029ms)
✔ sellTo learns room tendencies from observed overpays (not from me) (0.5ms)
✔ nomination rotates and inflation moves after rich sales (0.346334ms)
✔ myGuidance: caps at max bid, flags threats, classifies the block (0.379833ms)
✔ nominationAdvice: bait and target lists are disjoint and well-ordered (1.302166ms)
✔ scoreAuction reports margin, spend, and efficiency (1.382167ms)
✔ undoLastSale reverses a sale EXACTLY - budget, roster, tendency, inflation (0.4495ms)
✔ sellTo clamps an over-budget LIVE entry - conservation is inviolable (0.224792ms)
✔ resolveBids no-bidder fallback never sells to a team that cannot pay (0.51625ms)
✔ fairDollars: shape-derived demand is byte-identical to the old flex-spread literal (0.285958ms)
✔ fairDollars: a 2-QB league prices quarterbacks above a 1-QB league (0.301792ms)
✔ fairDollars: accepts a LeagueProfile shape (superflex demands more QB) (2.439958ms)
✔ teamNeedsPos: a 2-QB room still wants a third QB; a 1-QB room does not (0.238959ms)
✔ nominationAdvice never classifies unprojected players (unknown != bait) (0.137ms)
✔ marketDollars: published auction values ARE the curve when the board has them (0.123125ms)
✔ marketDollars: the published curve is invariant to ESPN's denomination (0.085667ms)
✔ marketDollars: no published price anywhere -> the ADP decay curve, unchanged (0.302625ms)
✔ marketDollars: an UNPRICED player is not a $0 bargain (0.081625ms)
✔ POLICY: auction_value never reaches maxBid, the advised bid, or OUR dollars (2.68925ms)
✔ POLICY: auction_value is read in exactly one place in the engine (0.842042ms)
✔ the room pays up for a name it loves, and our advice says let him go (0.161ms)
✔ maxBid: a team with no open slot has NO legal bid (0.021667ms)
✔ sellTo REFUSES a sale to a team that is already full (0.109958ms)
✔ buyerOptions omits full teams so the picker cannot offer one (0.106375ms)
✔ myGuidance drops a full team from the threat list (0.087125ms)
✔ recordAuction(LIVE) persists the real sale log: gsis_id, position, buyer, price, fair-at-sale (1.575ms)
✔ recordAuction(SIM) stores NO sale log — a sim room is our own bidder (0.193167ms)
✔ round-trip: record -> appendMock -> loadHistory returns the identical sale log (0.474833ms)
✔ a reloaded log seeds the next room: opponent sales count, my own buys never do (0.226833ms)
✔ historySummary counts auction sales separately from snake picks (0.175417ms)
✔ n=0: a position with no observed sales is ABSENT, i.e. exactly the 1.0 prior (0.083542ms)
✔ small n barely moves the prior: 2 sales at ratio 1.5 seed ~1.056, not 1.5 (0.064958ms)
✔ large n earns real weight: 64 sales at ratio 1.4 seed ~1.32 (0.086666ms)
✔ each ratio is clamped before averaging: one $40 sale on a $2 fair cannot own the seed (0.18125ms)
✔ evidence floors: $0 handouts and fair-less rows are recorded but never evidence (0.206792ms)
✔ determinism: same stored history, same seeds — deepEqual, key order included (0.131375ms)
✔ SIM history seeds NOTHING, and the empty return says so in words (0.192917ms)
✔ mixed history: only the LIVE records are evidence (0.06325ms)
✔ no history at all: tendencies stay exactly 1.0 and the return is honest about it (0.047625ms)
✔ a different league size is a different room: its prices do not seed this one (0.040875ms)
✔ a seeded tendency is IDENTICAL whether or not market values are present in history (0.047ms)
✔ the normalizer strips market fields, so they cannot even reach storage (0.036958ms)
✔ an OLD-shape v2 auction record (pre-S1, no `observed`) loads cleanly and seeds nothing (0.07075ms)
✔ a legacy v1 auction row still migrates with an empty log and seeds nothing (0.044292ms)
✔ createAuction(history): opponents open at the seeded prior, I stay unmodelled (0.136417ms)
✔ createAuction without history is the pre-memory room: {} tendencies, inactive memory (0.126042ms)
✔ createAuction seeding is deterministic across constructions (0.600625ms)
✔ in-room learning continues FROM the seed, and undo restores it exactly (0.405417ms)
✔ ONE canonical vocabulary: every real feed spelling maps, unknown stays unknown (57.241083ms)
✔ every status in the committed data/injuries.json normalizes (37.661042ms)
✔ the duration parser has ZERO false positives on the real 800-row feed (81.5765ms)
✔ a hedge, a range, or somebody else's injury never becomes a return date (35.328084ms)
✔ QUESTIONABLE keeps the full season total; IR actually REDUCES it (92.040875ms)
✔ a season-long absence zeroes the weeks and does NOT renormalize them away (70.071083ms)
✔ an unknown-length suspension blocks NOTHING and claims nothing (60.853833ms)
✔ the league floor is stamped "rule", never presented as a measurement (82.828333ms)
✔ a bye week and a cannot-play week stay distinguishable (66.494125ms)
✔ a healthy build is byte-identical to the pre-Rel17 document (160.486458ms)
✔ committed player_weekly.json: no orphan flags, and the meta adds up (8.07675ms)
✔ the ESPN scraper REFUSES an unmapped status instead of reading it as healthy (25.3275ms)
✔ availability self-check passes (1.258084ms)
✔ the canonical vocabulary is exactly the eight codes (0.288458ms)
✔ no availability block at all → no chip, playable, nothing rendered (0.578625ms)
✔ a null/undefined weekly row is safe and playable (0.125083ms)
✔ ACTIVE renders no chip — a badge on every healthy player is noise (0.09975ms)
✔ an UNKNOWN status is not treated as ACTIVE and is not invented into a label (0.138625ms)
✔ IR with no parsed duration reads "4+ WKS · LEAGUE MIN", never a bare 4 (0.362208ms)
✔ out_for_season reads "· SEASON" with REPORT provenance and quotes the report (0.177916ms)
✔ an explicit 3-game suspension reads "3 WKS · REPORT" — no "+" and no "at least" (0.177417ms)
✔ a suspension of unknown length is flagged but zeroes nothing (0.109208ms)
✔ a season-class chip rides the BLOCKED weeks, not the whole season (0.087167ms)
✔ a duration with no provenance is DROPPED — a bare number is the F5 failure (0.049208ms)
✔ QUESTIONABLE / DOUBTFUL are the watch tone and remain PLAYABLE (0.049625ms)
✔ OUT blocks THIS week only — it is a designation, not a duration (0.041292ms)
✔ every chip spells the code out in title and hides its glyph from AT (0.058917ms)
✔ chip HTML escapes its evidence-free fields — no injection through a feed (0.03325ms)
✔ an available 4.0 beats an unavailable 12.4 for the same slot (2.37325ms)
✔ start/sit never RECOMMENDS starting an unavailable player (the F3 defect) (2.358625ms)
✔ a forced start is FILLED and FLAGGED — never empty, never silent (1.113541ms)
✔ FLEX compares on availability BEFORE points, across positions (0.6075ms)
✔ rosters with NO playable flags behave exactly as before Rel17 (1.608791ms)
✔ ties are rated but never scored: n counts decisive games only (0.702917ms)
✔ LEAK-FREE: flipping the last game leaves its own (and every) prediction unchanged (0.2575ms)
✔ the walk still LEARNS: flipping the first game moves later predictions, not its own (0.045917ms)
✔ deterministic: identical inputs give identical outputs (0.047959ms)
✔ loud on zero scoreable games — no hollow perfect score (44.185084ms)
✔ decide_adoption honors the 0.0015 margin exactly (adopt / keep / keep / keep) (40.142709ms)
✔ run_grid picks the lowest mean log-loss over synthetic seasons, deterministically (44.516166ms)
✔ corpus covers 27 completed seasons and 5x the ESPN baseline (3.412375ms)
✔ record shape parity with finals_{yr}.json (consumer reader unchanged) (11.124292ms)
✔ completed games only: FINAL status, integer scores, no fabricated result (2.692541ms)
✔ MARKET_DISPLAY_ONLY: not one market column reaches the corpus (6.209292ms)
✔ team codes reconcile: canonical 32, all present, no relocation code left (1.546625ms)
✔ kickoff honesty: real ET->UTC conversion, null where upstream has none (3.586458ms)
✔ postseason is included and labelled (the ESPN fixtures are REG-only) (0.277625ms)
✔ 2021-2025 overlap reproduces the ESPN fixtures game-for-game (4.64ms)
✔ promote_signals consumes corpus records unchanged (reader compatibility) (47.493833ms)
✔ builder selftest passes on committed fixtures and writes nothing (203.415042ms)
✔ every honest snapshot shape passes (0.915875ms)
✔ dishonest rows are rejected (0.132667ms)
✔ honesty.validate itself accepts HONEST and raises on DISHONEST (QA-D4-AC3) (47.043166ms)
✔ JS mirror agrees with the Python verdict on every fixture (QA-D4-AC2) (183.763166ms)
✔ the committed lock array passes honesty.assert_measured_rows (P8-S5-AC2) (29.915958ms)
✔ committed game_predictions.json are estimates with no scores attached (0.39475ms)
✔ rank and error metrics are correct on known fixtures (49.432167ms)
✔ the harness scores project_player itself, not a proxy formula (30.256292ms)
✔ the python RoS mirror matches the shipped app/ros.js rosPoints (33.828875ms)
✔ held-out actuals cannot reach the projection inputs for that season (41.143959ms)
✔ every held-out season is scored only against strictly earlier seasons (38.151042ms)
✔ scripts/backtest_ros.py is gone and no code path still calls it (465.592584ms)
✔ data/player_backtest.json is registered in validate_data.py (0.847209ms)
✔ the smoke gate runs the harness selftest (0.341792ms)
✔ committed player_backtest.json declares the real engine and its limits (0.625584ms)
✔ every scored block carries real metrics; every skipped block says why (0.403292ms)
✔ summary counts follow from the per-position blocks (0.125ms)
✔ the signal audit partitions the registry without overlap (0.073709ms)
✔ ros_backtest.json agrees with player_backtest.json number for number (0.16175ms)
(node:45253) ExperimentalWarning: localStorage is not available because --localstorage-file was not provided.
(Use `node --trace-warnings ...` to show where the warning was created)
✔ fixtures produce real playoffSos reports over weeks 14-17 (0.684625ms)
✔ playoffRow(null) says "no playoff-window data" — not a dash, not a 3.0 (0.197791ms)
✔ playoffRow prints the rating, the band word and the league window (0.143417ms)
✔ a bye inside the window is its own clause, not folded into the number (0.060042ms)
✔ the row title restates the measurement and the display-only policy (0.063791ms)
✔ playoffEdge names the EASIER side (lower ABSOLUTE difficulty wins) (0.115083ms)
✔ playoffEdge compares abs_rating, not the self-relative rating (R21 fix) (0.132084ms)
✔ a REVERSED pair: the rail follows the absolute slate, not the lens (0.083084ms)
✔ equal playoff schedules are "even", not a coin-flip winner (0.045417ms)
✔ a missing report on EITHER side declares no winner (0.090667ms)
✔ AVAILABILITY is still the FIRST metric row, above PROJ PTS (REL17) (0.478ms)
✔ the PROJ PTS row names the scoring table its number is in (R30) (0.151834ms)
✔ PLAYOFF SoS sits after the season SoS row and before BYE (0.124583ms)
✔ the centre rail has one chip per metric row, in the same order (0.203625ms)
✔ the column renders the playoff row for an unprojected K exactly like any other (0.12925ms)
✔ winGlyph emits BOTH orientations so CSS can pick one (0.042167ms)
✔ every winner chip in the view goes through winGlyph (0.150208ms)
✔ theme.css hides exactly one glyph orientation per breakpoint (0.258ms)
✔ .cmp-name is large-text sized so a 3:1 team tint clears AA (0.107ms)
✔ compare.js reads the window from the profile, never a literal 14-17 (0.593875ms)
✔ calibrate at coverage 0.8 on n=10 picks the 9th smallest score (0.9) (0.708417ms)
✔ empirical coverage meets the 0.8 target on the fixed eval set (0.339458ms)
✔ higher target coverage yields a threshold that is at least as inclusive (0.510334ms)
✔ too-few calibration points fall back to all-inclusive (threshold 1.0) (0.0685ms)
✔ Python calibrate/safe_set equal the JS mirror on the fixed sets (QA-D4-AC2) (36.093291ms)
✔ contrast formula matches WCAG reference values (0.5625ms)
✔ ink (body text) meets 4.5:1 on every background layer (0.278667ms)
✔ muted (secondary text) meets 4.5:1 on bg/surface/surface-2 (0.1245ms)
✔ colored -txt labels meet 4.5:1 on surface AND bg (0.162792ms)
✔ warn (stale/degraded health text) meets 4.5:1 on surface (0.094541ms)
✔ availability chip text meets 4.5:1 on every surface it sits on (0.093084ms)
✔ --accent is FORBIDDEN as availability chip text, legal only as a border (0.110917ms)
✔ brand/accent as LARGE text meet 3.0:1 on bg (0.087458ms)
✔ active pill: dark ink (#0D1117) on solid --brand meets 3.0:1 (large bold) (0.158792ms)
✔ win-prob / EV bar fills meet 3.0:1 on surface (0.157042ms)
✔ accent focus ring meets 3.0:1 on bg and surface (0.086375ms)
✔ every team tint clears 3.0:1 on --surface (large bold .team-ab) (0.696458ms)
✔ playoff-SoS + market-value chips meet AA on the player card (R21-B2) (0.086125ms)
✔ --elev panels: every ink that sits on them meets 4.5:1 (0.031833ms)
✔ .lp-savebtn--dirty: dark ink on solid --accent meets 4.5:1 (0.022333ms)
✔ team registry is non-empty and every tint is a valid hex (0.1015ms)
✔ HIG theme: both token blocks parse and carry a full palette (0.388167ms)
✔ HIG: --ink (label) meets 4.5:1 on every surface layer (0.478417ms)
✔ HIG: --muted (secondaryLabel) meets 4.5:1 on every surface layer (0.1565ms)
✔ HIG: colored small-text tokens meet 4.5:1 on every surface layer (0.74175ms)
✔ HIG: --warn reads as TEXT on the surfaces the health chip uses (0.193833ms)
✔ HIG: bar fills and meter segments meet 3.0:1 on the card (0.105584ms)
✔ HIG: --brand and --accent clear 3.0:1 as large text / focus ring on --bg (0.060459ms)
✔ HIG: prominent button — --hig-fill-ink on --hig-fill-solid meets 4.5:1 (0.04425ms)
✔ HIG: tinted selected chip — --brand-txt on --hig-tint-soft meets 4.5:1 (0.047958ms)
✔ HIG: segmented-control thumb — --ink on --hig-thumb meets 4.5:1 (0.079917ms)
✔ HIG: --hig-label-3 clears the 3:1 graphic bar on every surface layer (0.053458ms)
✔ HIG light: every team tint clears 4.5:1 on the card AFTER --hig-tint-darken (1.562375ms)
✔ HIG dark: every team tint clears 3.0:1 on the dark card, uncorrected (0.348ms)
✔ theme-hig.css cannot affect the default theme: every rule is scoped (1.087416ms)
✔ app/data.js PATHS is the app-reachable contract allowlist, and every entry exists (1.775084ms)
✔ no view can reach a pipeline artifact: every /data/ path in app/ is on the allowlist (7.6895ms)
✔ every data/ file outside the allowlist is a pipeline artifact — unmentioned anywhere in app/ (185.965417ms)
✔ fetch() happens only in app/data.js, app/kdst.js and app/sleeper-proj.js (7.361667ms)
✔ concurrent callers share ONE request per contract (the de-dupe the routes rely on) (1.465208ms)
✔ a 404 rejects cleanly AND evicts, so an optional contract stays retryable (2.257625ms)
✔ a superseded request rejecting must NOT evict the refresh that replaced it (1.319458ms)
✔ clearCache() mid-flight: the post-clear request survives the pre-clear failure (2.838417ms)
✔ getAll degrades per-contract (allSettled, never all) and is off the boot path (3.079584ms)
✔ normalizePicks keeps valid rows, reports invalid ones, reads the auction amount (1.126541ms)
✔ freshPicks: high-water mark + dedupe + sort make reloads and overlaps safe (0.657458ms)
✔ slotOfPick: draft_slot is authoritative, roster_id then picked_by are fallbacks (0.2025ms)
✔ detectMySlot is offered from hints, never fabricated (0.152208ms)
✔ armRefusal: SIM rooms are refused — sim picks would poison live-only learning (0.466834ms)
✔ pickDraftRecord follows the running draft, or the most recent when all are done (0.083958ms)
✔ boardIdxByName: unique-name fallback refuses to guess (0.368709ms)
✔ snake planning: my pick and opponent picks route by the simulated clock (0.438334ms)
✔ snake planning PAUSES on a clock mismatch instead of mis-filing the pick (0.223417ms)
✔ snake planning blocks at an unmatched pick — the clock cannot skip it (0.248ms)
✔ a board row already taken reconciles as already — a pre-arm manual tap is never doubled (0.153375ms)
✔ auction planning: real sale, missing price, unmappable buyer — each honest, none blocking (0.177042ms)
✔ createCompanion arms, polls, applies through the view callback, advances the mark (1.581625ms)
✔ createCompanion refuses a SIM room and keeps polling through a fetch error (0.386875ms)
✔ acknowledge moves the feed past a pick the manager resolved by hand (0.273166ms)
✔ the endpoints are the public Sleeper API, no auth anywhere (0.065958ms)
✔ rosterShape: defaults reproduce the R47 15-slot shape (K and DEF seated) (1.507666ms)
✔ rosterShape: values clamp to documented bounds (0.100375ms)
✔ snakeTeam: serpentine order reverses every round (0.0745ms)
✔ myPickNumbers: slot 1 of 12 picks 1st and 24th overall (0.0465ms)
✔ opponentNeeds: caps respected (no 3rd QB) and demand-aware (0.278583ms)
✔ adpOpponentPick is deterministic for a fixed seed and stays near the top early (0.195ms)
✔ sharkOpponentPick takes the most points among needed positions (0.290625ms)
✔ a full 4-team ADP draft completes with every roster filled to size (0.822542ms)
✔ drafts are deterministic: identical seeds produce identical logs (0.726125ms)
✔ picksUntilMyNext counts opponent picks between my turns (0.134875ms)
✔ survivalProbabilities: a top pick is less likely to survive than a deep one (3.144584ms)
✔ startersTotal: fills demand greedily, FLEX takes best leftover, unprojected = 0 (0.417ms)
✔ scoreVsRoom: margin and rank are exact (0.342ms)
✔ opponentNeeds: a 2-QB room drafts a THIRD QB; a 1-QB room still stops at two (0.139958ms)
✔ a full 2-QB draft leaves opponents with three QBs; the 1-QB draft never does (0.511125ms)
✔ startersTotal: slot-driven fill reproduces the old fixed-then-FLEX arithmetic (0.302167ms)
✔ takeOpponentPickAt records the OBSERVED live pick for the team on the clock (0.093917ms)
✔ undoLastPick restores the snake draft exactly (0.088166ms)
✔ normalizeRoomType: AI+ spellings collapse; adp/shark/unknown pass through (0.05025ms)
✔ the ADP and SHARK rooms are byte-for-byte unchanged by the AI+ inputs (3.586917ms)
✔ the AI+ room works with NO saved profile and is deterministic per seed (18.112625ms)
✔ leagueSeasonPoints: EXACT under the league table, room points when unfeedable (0.17575ms)
✔ needsStarterSeat: fixed demand first, then the flex seat (1.420084ms)
✔ AI+ under a SUPERFLEX profile chases quarterbacks; SHARK does not (9.723167ms)
✔ AI+ replacement levels are pinned to the full board, not the remaining one (2.465291ms)
✔ AI+ in a 12-team superflex does not turn round 1 into a QB run (2.900917ms)
✔ AI+ never prices a position against an UNPROJECTED player (1.645208ms)
✔ AI+ under a TE-PREMIUM scoring table pays for tight ends; SHARK does not (238.690542ms)
✔ aiPlusOpponentPick: profile-blind inputs still pick, and the pick is seeded (1.812833ms)
✔ survivalProbabilities simulates the AI+ room with the draft context (36.538708ms)
✔ season_range [2021, 2025] and a real game sample (0.99775ms)
✔ all 32 stadiums with surface/roof enums and coordinates (0.306791ms)
✔ venue_hfa: every team split carries n + honest low_n, win pct in [0,1] (0.127917ms)
✔ cold splits: threshold 32F; per-team + dome-teams-outdoor-cold carry n, deltas consistent (0.141ms)
✔ surface splits: 32 per-team home splits + both aggregate surfaces, all with n (0.238292ms)
✔ international: n >= 15 across 5 seasons, pct in [0,1], each game internally consistent (0.243291ms)
✔ params are RECORDED, never applied — game probs unchanged by this file (0.098125ms)
✔ every stat the ESPN pool collects survives into the player record (0.781125ms)
✔ completions and attempts specifically reach the record (R28 regression) (0.088875ms)
✔ build_predictions still reads the key this file guarantees (0.565875ms)
✔ player_weekly.schema.json accepts completions_prior (R29 pipeline failure) (0.484084ms)
✔ every key build_weekly can emit is declared in the contract (1.596583ms)
✔ coach_quality: python selftest passes (51.9505ms)
✔ coach_quality: every fixture probe matches its hand-derived value (34.023833ms)
✔ coach_quality: the headline delta is exactly scale/17, p0 cancelled out (0.418333ms)
✔ coach_quality: a common shift in EVERY coach cancels (differenced) (0.324583ms)
✔ coach_quality: swapping venues negates the delta exactly (antisymmetry) (0.097584ms)
✔ coach_quality: signed accumulation makes mirror-image coaches opposite (0.371667ms)
✔ coach_quality: an unseen coach is silent, not guessed (0.274084ms)
✔ coach_quality: a tie contributes no residual AND no count (0.757042ms)
✔ coach_quality: a missing context record is 0.0, never a crash (0.154208ms)
✔ coach_quality: the first walk season is fit on NOTHING (0.832333ms)
✔ coach_quality: truncating the future leaves each season map identical (31.977042ms)
✔ coach_quality: scale 0 is exactly the incumbent (25.533375ms)
✔ coach_quality: inputs() REFUSES a fixture that is one record short (0.459208ms)
✔ coach_quality: the shipped corpus joins 100% in every season (110.491708ms)
✔ coach_quality: no betting column is named anywhere in the family (0.746ms)
✔ coach_quality: the family reads no post-game label field (0.401625ms)
✔ coach_quality: wired at every promote_signals site it needs (0.826667ms)
✔ coach_quality: deliberately NOT in APPLIABLE while unwired downstream (0.854417ms)
✔ coach_quality: the module is stdlib-only (0.248917ms)
✔ coach_regime: python selftest passes (48.873458ms)
✔ coach_regime: the reproduced pre-game ratings match an independent walk (31.196542ms)
✔ coach_regime: flags match an independent reimplementation of the rule (1.33675ms)
✔ coach_regime: a mid-season change is COUNTED and is NEVER a flag (0.490208ms)
✔ coach_regime: every grid delta equals the extra-reversion price shift (1.192875ms)
✔ coach_regime: the delta IS "price it with a further-reverted rating" (0.323583ms)
✔ coach_regime: the sign follows the RATING, not the coach (0.447625ms)
✔ coach_regime: linear in shrink, and decay is exactly n0/(n0+g) (0.081209ms)
✔ coach_regime: the grid is the shape the design fixed — 3 x 2, one-sided (0.070083ms)
✔ coach_regime: the shipped corpus joins 100% in every season (112.961917ms)
✔ coach_regime: truncating the future leaves every earlier row identical (165.148667ms)
✔ coach_regime: inputs() REFUSES partial coverage rather than scoring ties (144.199708ms)
✔ coach_regime: no betting column is named anywhere in the family (0.604583ms)
✔ coach_regime: the family reads no post-game label field (0.330417ms)
✔ coach_regime: the module is stdlib-only (0.297ms)
✔ coach_regime: wired at every promote_signals site it needs (0.552125ms)
✔ coach_regime: deliberately NOT in APPLIABLE while unwired downstream (0.773584ms)
✔ coach_regime: the adoption block round-trips through delta_from_params (39.285542ms)
✔ divisional: the module ships and its own selftest passes (59.041334ms)
✔ divisional: delta is exact on every record shape, including the missing join (20.657709ms)
✔ divisional: the trial grid is 30 signed, non-degenerate combinations (24.524333ms)
✔ divisional: the loader skips loudly rather than covering part of the walk (36.782667ms)
✔ divisional: the shipped fixture drives the documented deltas (0.532667ms)
✔ divisional: prediction-time application derives from the schedule when the artifact cannot (52.861125ms)
✔ divisional: registration writes game_params AND rebuilds into the incumbent (65.955417ms)
✔ divisional: the family is APPLIABLE and wired at prediction time (0.767833ms)
✔ divisional: the module never names a betting column (0.718833ms)
✔ divisional: when the gate has run it, the recorded family is well formed (2.892458ms)
✔ dvp: both modules ship and their own selftests pass (78.758584ms)
✔ dvp: a week-W game sees weeks < W and never its own week (22.082666ms)
✔ dvp: centering removes overall strength — the reason this is not epa_total (28.0515ms)
✔ dvp: the delta is antisymmetric, scale-linear, and 0.0 on every missing join (33.832125ms)
✔ dvp: the loader skips loudly rather than covering part of the walk (38.679042ms)
✔ dvp: registration writes game_params AND rebuilds into the incumbent (111.176667ms)
✔ dvp: APPLIABLE membership and the prediction-time wiring move together (2.1605ms)
✔ dvp: the artifact balances, is regular-season only, and covers the corpus (27.675459ms)
✔ dvp: the shipped fixture exercises the traps the builder must handle (0.510875ms)
✔ dvp: neither module names a betting column (8.770833ms)
✔ dvp: when the gate has run it, the recorded family is well formed (2.421458ms)
✔ scheme: the family module ships and its selftest passes (59.163833ms)
✔ scheme: the FTN ingest ships and its fixture selftest passes (39.949959ms)
✔ scheme: the FTN fixture has NO team column, so the join is not optional (0.368834ms)
✔ scheme: the join attributes offence and defence to the right sides (52.152708ms)
✔ scheme: an unjoinable FTN row is COUNTED, and a broken join raises (35.245167ms)
✔ scheme: the 0/blank sentinel filter fires and is mandatory (37.777875ms)
✔ scheme: a renamed screen column RAISES instead of reading zero (29.548ms)
✔ scheme: postseason plays are excluded from the sums, teamless plays dropped (34.081166ms)
✔ scheme: the shipped artifact carries a PROBED application block that can never read as permission (1.137708ms)
✔ scheme: the application path RAISES on a season it holds no charting for, never returns 0.0 (59.230667ms)
✔ scheme: adoption can never turn into application on a season the artifact does not carry (29.028167ms)
✔ scheme: the family is absent from APPLIABLE, so a win records would_adopt (0.397625ms)
✔ scheme: the delta is an interaction and is exactly antisymmetric (22.729791ms)
✔ scheme: the window is strictly weeks < W, and blends N0=400 plays (28.385417ms)
✔ scheme: z-scores are centered, and the small-league guard is inert not amplifying (45.626542ms)
✔ scheme: partial FTN coverage is TRIALLED, unlike a corrupted feed (82.944125ms)
✔ scheme: the coverage block makes the dilution impossible to miss (114.60775ms)
✔ scheme: neither module ever names a betting column (2.228542ms)
✔ scheme: the artifact is stdlib-shaped — ASCII, indent 2, numeric week order (1.767375ms)
✔ builder: the fixture build succeeds and its selftest passes (172.821542ms)
✔ MARKET BOUNDARY: poisoned prices reach neither key nor value of a build (0.522583ms)
✔ MARKET BOUNDARY: the producer never names a betting column (0.217125ms)
✔ MARKET BOUNDARY: the data-layer checker actually reds on a planted price (28.932167ms)
✔ honesty: unplayed rows are skipped and COUNTED, never carried (0.082916ms)
✔ honesty: missing source values stay null, never a placeholder string (0.317458ms)
✔ renames + derived meeting_no behave as documented (0.062375ms)
✔ the emitted record schema is exactly the published field set (0.072125ms)
✔ a header missing an allow-listed column fails LOUDLY (100.930583ms)
✔ shipped: no market or outcome column at any depth (50.00575ms)
✔ shipped: the corpus join is complete — every game, zero misses (15.448042ms)
✔ shipped: the ESPN fixture slice joins 1,359/1,359 (2.148542ms)
✔ shipped: team codes reconcile to the canonical 32 after renames (5.526542ms)
✔ shipped: completed games only, and the record shape is uniform (10.899209ms)
✔ shipped: the LABEL-ONLY declaration is present, exact, and populated (1.98975ms)
✔ shipped: referee is a FIELD and never a promotion family (2.731166ms)
✔ shipped: meeting_no and div_game are internally consistent (13.697333ms)
  [game-script] winners rush att 30.59 vs losers 23.06 (delta 7.54, n=271)
  [game-script] winners pass att 30 vs losers 34.04 (delta -4.04)
  [game-script] rush-share delta 0.1014, corr with margin 0.2494
  [game-script] winner rush share: blowouts 0.536 (n=96) vs one-score 0.4819 (n=144)
  [game-script] garbage time: Q4 7.15 vs Q1-3 pace 2.51 (delta 4.64, td rate 0.5955, n=89)
✔ season 2025 with a full FINAL-game sample (0.353084ms)
✔ rush/pass attempt splits: n + honest low_n, finite winner/loser averages (0.399291ms)
✔ rush_share: shares in [0,1], correlation in [-1,1], n carried (0.070875ms)
✔ blowout vs one-score winner rush share: both splits carry n (0.06225ms)
✔ garbage_time: Q4 vs Q1-Q3 pace, td rate in [0,1], n carried (0.052667ms)
✔ params are RECORDED, never applied — weight-0 discipline (0.044917ms)
✔ directional report (informational, not asserted) (0.289083ms)
✔ run_gate.sh runs the four steps in the documented order (0.876916ms)
✔ run_gate.sh gates every step on its EXIT CODE, never by grepping output (0.588917ms)
✔ run_gate.sh step 4 skips LOUDLY without failing — the documented fast-gate semantics (P9-S4) (0.40025ms)
✔ ci.yml's gate job invokes run_gate.sh and installs NOTHING first (0.628458ms)
✔ ci.yml's e2e job is the ONE place dependencies are installed, and it runs the browser suite (0.177833ms)
✔ ci.yml runs on pushes to main and on pull requests (a merge cannot dodge the gate) (0.2075ms)
✔ plain lines with a header block become a named team; suffixes and noise match (2.26225ms)
✔ a headerless paste stays one full roster — the first player is not eaten as a name (0.376208ms)
✔ blank-line blocks become separate teams (0.311625ms)
✔ JSON shapes: array of names, object map, and array of team objects (0.39275ms)
✔ HTML is stripped to lines before parsing (0.400458ms)
✔ an ambiguous pool name can never match (wrong beats missing, so neither) (0.079ms)
✔ duplicate lines for one player fold to a single roster entry (0.076375ms)
✔ gradeTeam fills the shape optimally and reports EMPTY honestly (0.2815ms)
✔ percentile + letter bands behave at the edges (0.735084ms)
✔ syntheticFieldTotals: deterministic, need-aware, and a BALANCED field (1.465625ms)
✔ simulateLeague is deterministic under a seed and its probability mass adds up (23.91975ms)
✔ a clearly stronger team gets clearly better odds (13.278542ms)
✔ fewer than two teams returns honest nulls, not fake certainty (0.177166ms)
✔ mulberry32 stays in [0,1) and repeats under a seed (0.135708ms)
✔ the GRADE route, tab and lazy-load are wired (and stay off the boot path) (0.570083ms)
✔ rookies-only filters are wired on PLAYERS and TEAM, hidden when the flag is unknown (0.532167ms)
✔ season_range is exactly [2021, 2025] and updated_utc is stamped (1.124458ms)
✔ history entries exist for >= 250 projected ids; >= 80% carry >= 2 seasons (0.999041ms)
✔ every season row is within 2021-2025 with sane numeric stats, ascending by yr (1.860334ms)
✔ trajectory: source in {measured, ai_estimated} only — never "pending" in a committed file (0.384208ms)
✔ measured trajectories require seasons_observed >= 3 and numeric slope/residual (0.523125ms)
✔ kicker projection: recency-weighted per-game rate x 17, 50+ buckets merged (1.138042ms)
✔ kicker eligibility: only the newest season population, REG only, K only (0.072417ms)
✔ kicker team names normalize: nflverse "LA" resolves to LAR (0.042ms)
✔ low_sample flags a small-sample extrapolation instead of hiding it (0.985292ms)
✔ defense projection: counting stats, blocked-kick family, per-game tiers (0.072125ms)
✔ defense points allowed reads the OPPONENT side of the game, not its own (0.081792ms)
✔ a game with no score row, or no final score, is skipped WHOLE and reported (0.084958ms)
✔ an unmappable team abbreviation is skipped loudly, not silently dropped (0.046417ms)
✔ --selftest writes nothing (fixture numbers may never pose as real data) (79.351584ms)
✔ build_kdst mirrors app/league.js scoring keys exactly (99.083625ms)
✔ proj_points equals applyScoring(stats, DEFAULT_PROFILE) on every row (4.370208ms)
✔ yds_allow_* is inert under a profile that does not score it (0.849458ms)
✔ unmodelled DEF keys are ABSENT from stats, never emitted as zero (1.644542ms)
✔ the validator REDS if an unmodelable key is quietly scored as zero (45.528375ms)
✔ K/DST stay OUT of player_projections.json (the eviction rule, mechanised) (1.926958ms)
✔ the real file covers 32 defenses and a full kicker population (0.367167ms)
✔ the committed contract really does carry K and DEF ids this app can seat (10.726292ms)
✔ a team defence resolves off the bare team abbreviation — but only with the K/DST pool (8.9305ms)
✔ a kicker resolves by gsis id, and planRosterSync seats him in K1 (9.639041ms)
✔ the position cap governs K/DST exactly as it governs QB (6.849375ms)
✔ a league with NO K/DEF slot is handed the offence-only pool, unchanged (0.38775ms)
(node:45346) ExperimentalWarning: localStorage is not available because --localstorage-file was not provided.
(Use `node --trace-warnings ...` to show where the warning was created)
✔ DEFAULT roster slots equal team-logic STARTER_SLOTS / BENCH_SLOTS / SLOT_ORDER (1.022291ms)
✔ DEFAULT position caps equal team-logic POSITION_CAPS (0.197459ms)
✔ DEFAULT slot eligibility matches team-logic slotEligible for every slot (11.053166ms)
✔ DEFAULT is PPR, 9 starters (K/DEF seated, R47) + 6 bench, 15 draft rounds, no keepers (0.221959ms)
✔ DEFAULT_PROFILE is deep-frozen and validates clean (0.671709ms)
✔ LEAGUE_KEY is the documented storage key (0.084709ms)
✔ normalizeProfile falls back to DEFAULT for every junk input (0.417667ms)
✔ normalizeProfile returns a fresh mutable copy, never DEFAULT itself (0.081084ms)
✔ normalizeProfile is idempotent (0.151042ms)
✔ normalizeProfile builds a 9-starter league with K and DEF (the reported gap) (0.281ms)
✔ normalizeProfile numbers repeated flex slots and keeps a lone flex bare (0.137084ms)
✔ normalizeProfile moves bench to the end and reports derived starters/bench (0.0505ms)
✔ normalizeProfile drops unknown roster tokens, and falls back when none survive (0.084917ms)
✔ normalizeProfile lowercases/uppercases tokens defensively (0.034ms)
✔ normalizeProfile clamps every scalar to LEAGUE_BOUNDS (0.070792ms)
✔ normalizeProfile derives draft_rounds from roster size when unset (0.03ms)
✔ normalizeProfile keeps keepers coherent (0.063292ms)
✔ normalizeProfile sanitises position caps (0.079084ms)
✔ normalizeProfile trims and caps the league name (0.049209ms)
✔ normalizeProfile replaces the scoring table wholesale (never merges) (0.031042ms)
✔ normalizeProfile keeps finite scoring values only, and orders them (0.062208ms)
✔ normalizeProfile never lets null / "" / booleans coerce into a value (0.0395ms)
✔ applyScoring never lets null / "" / booleans coerce into a stat (0.096958ms)
✔ FLEX_ELIGIBILITY carries the Sleeper tokens exactly (0.040709ms)
✔ RB_TE_FLEX is app-only: no Sleeper token, and never rewritten to FLEX (0.128958ms)
✔ flex eligibility is overridable per league and sanitised (0.124042ms)
✔ flex_eligibility only carries tokens the roster actually uses (0.026833ms)
✔ token catalogues are consistent (0.050292ms)
✔ slotToken maps slot IDs back to their roster token (0.198041ms)
✔ firstOpenSlot scans starters before bench (1.792042ms)
✔ cloneProfile deep-copies (0.107458ms)
✔ validateProfile returns [] for a clean hand-written profile (0.274708ms)
✔ validateProfile rejects a non-object outright (0.191042ms)
✔ validateProfile errors carry path, code, message, value and severity (0.109083ms)
✔ validateProfile flags a hand-edited invalid profile, field by field (0.128958ms)
✔ validateProfile warns (does not block) on soft problems (0.0585ms)
✔ validateProfile rejects wrong-typed sections (0.052584ms)
✔ validateProfile catches unusable rosters (0.041083ms)
✔ validateProfile catches keeper incoherence (0.0445ms)
✔ validateProfile allows a null (uncapped) position cap (0.025667ms)
✔ applyScoring sums stat x points-per-unit exactly (0.047958ms)
✔ applyScoring is per-stat arithmetic, NOT a scale factor on a PPR total (0.31175ms)
✔ applyScoring ignores stats the profile does not score and vice versa (0.30275ms)
✔ applyScoring never throws on junk (0.174208ms)
✔ applyScoring honours a custom (non-Sleeper) stat key (0.067959ms)
✔ applyScoring under DEFAULT scores a full stat line (0.057041ms)
✔ scoringBreakdown explains the total, biggest contribution first (0.12575ms)
✔ scoringMode reads the reception value alone (0.076958ms)
✔ SCORING_FIELDS covers every DEFAULT scoring key (0.060375ms)
✔ saveProfile then loadProfile round-trips (0.104917ms)
✔ saveProfile normalises before writing (junk never reaches storage) (0.040792ms)
✔ loadProfile falls back to DEFAULT for corrupt storage (1.309708ms)
✔ loadProfile survives a partially corrupt stored profile (0.056333ms)
✔ loadProfile survives a throwing / absent storage (0.510458ms)
✔ saveProfile returns false when storage is blocked, and never throws (0.261167ms)
✔ clearProfile forgets the profile and never throws (0.264916ms)
✔ loadProfile with no argument uses ambient storage and does not throw under node (0.346541ms)
✔ resolve_rows grades FINAL games only, immutably, idempotently (38.360834ms)
✔ refit_game_params: adoption respects the NEVER-REGRESS margin from both sides (86.583625ms)
✔ lineup optimizer self-check passes (13.007125ms)
✔ bestLineup fills dedicated slots then the best leftover FLEX (1.98075ms)
✔ bye/zero-projection players sink to the bench, never start (0.971ms)
✔ startSitSwaps surfaces the highest-gain bench-over-starter move (0.615083ms)
✔ startSitSwaps reports zero net gain when the lineup is already optimal (0.611041ms)
✔ R47: the default geometry is the nine slots — seven offence + K1 + DEF1 (3.49125ms)
✔ K and DEF are known to have no projection feed (0.197292ms)
✔ a 9-starter league gets NINE slots — K and DEF are never silently omitted (1.398959ms)
✔ an unprojected slot is worth NOTHING, never a fabricated 0.0 (1.736167ms)
✔ each unprojected slot reports itself through the warnings channel (0.717667ms)
✔ the two warning reasons are distinct and stay distinguishable (1.455709ms)
✔ startSitSwaps never invents a move for a slot it cannot project (1.650375ms)
✔ kdst self-check passes (1.807875ms)
✔ R47: with no league profile, a connected K/DST feed STARTS the K and DEF (2.076ms)
✔ a league with NO K/DEF slot is untouched by the feed (pre-R47 behaviour kept) (1.133667ms)
✔ PROJECTED_POSITIONS still describes player_projections.json alone (0.11875ms)
✔ with the feed connected, K and DEF fill and the count becomes 9 of 9 (2.215ms)
✔ the coverage count is read off the lineup, never hardcoded (3.49575ms)
✔ the unprojected path stays reachable and correct when the feed is gone (5.886125ms)
✔ a feed is honoured per position, not all-or-nothing (1.228125ms)
✔ DST and DEF are one roster spot under two spellings (1.343958ms)
✔ Rel17 holds for kickers: DEMOTED not excluded, forced starts flagged (1.891875ms)
✔ start/sit reports the honest NET gain once K/DST are in the lineup (0.515625ms)
✔ shapeKdst scores the stat line under the CONNECTED league, not the contract total (0.189792ms)
✔ a K/DST week is a flat season average, and is carried as one (0.06325ms)
✔ a D/ST total that omits scored components is marked PARTIAL and names them (0.307208ms)
✔ shapeKdst degrades to NO FEED rather than to a fabricated one (0.108709ms)
✔ fedPositions is what keeps the unprojected path one failed fetch away (0.847542ms)
✔ K/DST byes come from the schedule, and only when unambiguous (0.124083ms)
✔ the committed K/DST contract shapes, and reproduces its own totals exactly (11.157333ms)
✔ the committed schedule yields exactly one bye for every K/DST team (5.686916ms)
✔ a league that scores nothing a kicker does gets NO kicker number, not 0.0 (0.993125ms)
✔ renderMarketStrip returns empty for absent/empty market data (0.717291ms)
✔ renderMarketStrip shows OUR prob vs each priced source + the policy badge (0.128375ms)
✔ renderMarketStrip renders with a single priced source (model + one market) (0.057291ms)
✔ renderHealth backward compat: no unconfigured feeds -> original wording (0.081917ms)
✔ renderHealth surfaces unconfigured feeds as awaiting config, not degraded (0.053708ms)
✔ renderHealth still counts real degradation separately from config (0.043125ms)
✔ validator registers adp + auction_value as market price fields (30.580916ms)
✔ adp contract: auction_value declared, positive-or-null, policy documented (0.535667ms)
✔ data/adp.json: auction values present, positive or null, never 0 (1.11075ms)
✔ auction_value never reaches a projection input (weights, signals, records) (2.091209ms)
✔ the projection engine source never reads a market price field (2.379541ms)
✔ the gate FAILS loudly if a market price does reach a projection (44.324ms)
✔ market_prices.json is pinned display-only with an explicit policy note (1.158333ms)
✔ sources carry honest statuses and row counts (0.173708ms)
✔ every emitted price is a real probability in (0,1) (0.224458ms)
✔ polymarket futures are de-vigged (sum ~1 when the full field is priced) (0.096875ms)
✔ kalshi ticker date parsing is exact (pure) (90.561375ms)
✔ polymarket de-vig normalizes and refuses zero-sum fields (pure) (86.968333ms)
✔ POLICY GATE: a non-zero market-signal weight fails validation (30.262167ms)
✔ log_loss on probs=[0.7,0.3], true=0 equals -ln(0.7) (0.427917ms)
✔ log_loss on the confident-correct case is ~0 (0.606ms)
✔ brier on probs=[0.7,0.3], true=0 equals exactly 0.18 (0.092541ms)
✔ brier is symmetric on a 50/50 prediction = 0.5 (0.044625ms)
✔ mae of [10,20,30] vs [12,18,33] equals 7/3 (0.056416ms)
✔ mae is 0 for identical sequences (0.036583ms)
✔ scripts/harness/metrics.py computes the pinned constants (QA-D4-AC1) (41.476459ms)
✔ JS mirror equals the Python on a shared input grid (QA-D4-AC2) (39.1315ms)
✔ a v1 snake row migrates to v2: ADP room, UNKNOWN play, no observed log (1.76325ms)
✔ a v1 auction row keeps its recorded play mode and carries no pick log (0.113ms)
✔ normalizeRecord never throws on hostile input (0.095667ms)
✔ a non-live record can never carry an observed room, even if handed one (0.055334ms)
✔ loadHistory migrates v1 rows when no v2 key exists, and drops nothing (0.12525ms)
✔ an existing v2 key is authoritative; v1 is ignored once v2 exists (0.041625ms)
✔ migrateLegacy is idempotent and never deletes the v1 key (0.116083ms)
✔ migrateLegacy is a no-op with nothing stored (0.1785ms)
✔ appendMock migrates first, so the append can never orphan legacy rows (0.238875ms)
✔ history is capped at HISTORY_LIMIT, oldest first out (4.016292ms)
✔ corrupt, absent, hostile and missing storage all degrade to an empty history (0.189958ms)
✔ clearHistory wipes BOTH keys, so a wipe is not silently undone next load (0.057417ms)
✔ recordDraft(LIVE) stores the OPPONENTS' observed picks and excludes mine (0.135375ms)
✔ recordDraft(SIM) stores NO observed room — a sim room is our own sampler (0.037833ms)
✔ recordDraft defaults an unknown play mode to sim (never to live) (0.030708ms)
✔ recordAuction captures the sheet as history and no pick log (0.060625ms)
✔ no history at all -> not ready, and the reason names the sim circularity (0.142416ms)
✔ SIM history NEVER calibrates, however much of it there is (0.127791ms)
✔ migrated v1 rows can never become calibration evidence (play unknown) (0.027167ms)
✔ a LIVE room under MIN_CALIBRATION_PICKS stays not-ready and says how short (0.047083ms)
✔ a LIVE room computes room-wide, per-round and per-position drift exactly (0.136875ms)
✔ observed picks with no consensus ADP are skipped, not guessed at (1.216125ms)
✔ two LIVE drafts pool into one calibration (0.158209ms)
✔ expectedGoneBy uses the POSITION drift once that position clears the floor (0.103834ms)
✔ a thin position falls back to the room-wide drift instead of over-fitting 3 picks (0.104125ms)
✔ an unseen position falls back to the room-wide drift (0.075542ms)
✔ expectedGoneBy is null without a calibration, and never returns pick 0 (0.071875ms)
✔ noiseComparison compares the observed spread against the sim prior (0.15725ms)
✔ positionDrift ranks the positions this room takes earliest, floor-filtered (0.121416ms)
✔ historySummary counts what the panel header claims (0.123875ms)
✔ app/mocks.js imports no projection/scoring module — it cannot feed one (0.348833ms)
✔ every calibration output is a PICK NUMBER, never points or dollars (0.07575ms)
✔ nothing outside app/mocks.js touches the legacy mocklocks key (8.2895ms)
✔ no file in app/ still calls a stored mock a "learning record" (8.244333ms)
✔ app/mocks.js is actually imported by the UI — history that is read, not stored (8.606292ms)
✔ topTrials ranks by log-loss, dedupes param triples, caps at n (1.674084ms)
✔ fmtPct formats one decimal and dashes non-finite (0.234958ms)
✔ marketBadge fires only for market signals (0.134125ms)
✔ MARKET_SIGNALS mirrors the validator MARKET_DISPLAY_ONLY set exactly (39.392542ms)
✔ latestPromotion picks the newest format-2 entry only (0.267667ms)
✔ marketTrend: oldest-first points from format-2 entries with a baseline (0.281583ms)
✔ familyRows: adopted/retained/skipped statuses with best losses (0.238625ms)
✔ familyRows: a family with no application path is distinguishable (0.249417ms)
✔ a candidate below current-margin is adopted (1.034709ms)
✔ a candidate within the margin is NOT adopted (0.143875ms)
✔ an exact tie is NOT adopted (no free lunch for noise) (0.080458ms)
✔ a worse candidate is NOT adopted (0.071542ms)
✔ the boundary is strict: candidate == current-margin is NOT adopted (0.092583ms)
✔ negative margin is rejected (would admit regressions) (0.192041ms)
✔ scripts.optimize.never_regress.should_adopt: default-margin verdicts are pinned (QA-D6-AC1/AC3) (32.910334ms)
✔ Python margin boundary is strict, and the JS mirror agrees on the whole grid (QA-D6-AC2/AC3) (52.531417ms)
✔ data/model_tuning.json is consistent with should_adopt and NOT adopted (2.149166ms)
✔ t distribution: the hand-rolled quantiles match published tables (53.593084ms)
✔ the standard error is clustered by fold, not pooled over games (58.88575ms)
✔ adoption needs BOTH the effect floor and Bonferroni-corrected significance (55.501583ms)
✔ the significance gate is strictly stricter than the old fixed margin (56.387083ms)
✔ the archived promotion entry records how its threshold was earned (1.240709ms)
✔ R24: the Bonferroni divisor is candidate FAMILIES, not grid points (729.911083ms)
✔ R24: the smaller divisor does NOT weaken never-regress (32.022958ms)
✔ R24: a DRY RUN mutates nothing on disk (1214.359875ms)
✔ R26: the weekly cron PROPOSES, it does not adopt (0.246416ms)
✔ R26: --propose archives the run but never writes game_params (900.524666ms)
✔ R24: --auto-adopt still archives the run (the cron's durable record) (847.825583ms)
✔ R24: the entry names the families it tested, and cannot go stale (679.92ms)
✔ R24: a blocked adoption is machine-readable in BOTH blocked cases (0.183667ms)
✔ R24: is_cold_game reads the corpus gameday fallback, and invents nothing (23.095583ms)
✔ R24: --referee-report exists, and is a diagnostic — never a family (591.375125ms)
✔ combine bench join: exact team averages, suffix-tolerant names, honest join rate (59.506208ms)
✔ score-state splits: rush share by snap score state + Q4 garbage pass share (32.2105ms)
✔ oline bench blend: absent aggregate keeps the 3-term path; present switches to 4-term (38.340333ms)
✔ search box: wide bounds, exact legacy grids, interior optimum found (42.302833ms)
✔ cross_validated_refit: held-out folds decide adoption, clamps are refused (1498.494042ms)
✔ document identity: season, timestamps, source, estimate flag (0.360708ms)
✔ every present team is canonical; a missing team is NAMED as skipped, never silent (0.629667ms)
✔ every team: numeric fields finite and inside sane NFL ranges (0.152417ms)
✔ composite is a mean-0 blend across the league (0.059542ms)
✔ weight-0 discipline: recorded, never applied (0.045542ms)
✔ F1: the spread leg carries OUR cover probability, the book only reaches IMPL (35.785459ms)
✔ F2: the team named in the selection is the team the probability is for (30.833833ms)
✔ F1: a market with no model of ours yields NO leg (total dropped, not seeded) (41.152125ms)
✔ F2: odds_api emits both sides of the spread with mirrored signs (42.865542ms)
✔ the gate check REDS on the old shape and passes the fixed one (38.573333ms)
✔ shipped parlays.json: every spread leg is OUR number for the team it names (0.68125ms)
✔ shipped parlays.json carries no total leg (no scoring model exists) (0.181459ms)
✔ F3: the contract no longer claims a conformal confidence tier (0.293916ms)
✔ build_props_by_game: one QB/RB/WR leg per game, correct markets (seed fallback) (31.050458ms)
✔ seed fallback model_prob: 0.5 shaded by team win prob, clamped to [0.35, 0.65] (30.631917ms)
✔ build_props_by_game is deterministic (stable sorts, gsis_id ties) (43.127709ms)
✔ prop legs flow through build_game_parlays; same-game parlays stay small (38.398125ms)
✔ odds_api.parse_event de-vigs a synthetic h2h event (normalize sums to 1) (39.870459ms)
✔ odds_api.parse_event parses spread + total and rejects unmatchable events (28.646417ms)
✔ parlays file has the expected envelope (0.718542ms)
✔ >= 3 parlays scope='game' for EVERY game on the slate (0.156459ms)
✔ every game-scope parlay references a game that exists on the slate (0.105459ms)
✔ >= 3 parlays scope='week' (0.089833ms)
✔ week parlays cover leg counts 2..7 (the leg-count selector buckets) (0.155833ms)
✔ each week parlay's legs are from DISTINCT games (unique selections) (0.08ms)
✔ same-game parlays never exceed 3 legs (single game fields ~3 markets) (0.057667ms)
✔ same-game multi-leg parlays carry a non-empty correlation_note (0.06725ms)
✔ every parlay has legs, an EV, a confidence tier and a correlation note (0.662542ms)
✔ cronLabel glosses the schedules this repo actually runs (0.392375ms)
✔ cronLabel falls back to the raw expression rather than guessing (0.230458ms)
✔ pipeline_status publishes schedules for every scheduled workflow (1.032375ms)
✔ every published cron is verbatim present in its workflow file (1.088667ms)
✔ committed feed health is internally consistent with the roll-up (0.096833ms)
✔ every nflverse builder is run by some workflow (4.775667ms)
✔ build_kdst exit-0-on-feed-error defers to a cron that exists (1.22575ms)
✔ build_kdst does not hardcode a projection range in the note (0.314375ms)
✔ kdst_projections notes quote the range its own rows span (1.231416ms)
✔ the eviction figures in notes[0] are still the true ones (0.916542ms)
✔ MARKET_BADGE is byte-identical to the badge app/views/model.js emits (0.449792ms)
✔ players.js does not invent a second display-only badge class (0.388917ms)
✔ playoffTone covers every RATING_BANDS label and nothing else (0.074791ms)
✔ a NULL playoff reading renders as ABSENT — no zero, no neutral chip (0.142417ms)
✔ the chip states the window, the 1-5 number and the band word in text (0.251208ms)
✔ the chip tone follows the band, and the meter fill follows the tone (0.081708ms)
✔ the chip explains the number instead of asserting it, and disclaims use (0.044416ms)
✔ no bye in the window renders no bye chip at all (0.081375ms)
✔ a bye in the window gets its OWN chip, not a point on the 1-5 scale (0.08375ms)
✔ renderValue is empty when we have neither price (0.108833ms)
✔ priceLabel never prints $0 — a sub-dollar price reads "<$1" (0.591125ms)
✔ an unpriced player renders an em dash, never $0 (0.153875ms)
✔ the market price never renders without the DISPLAY-ONLY badge (0.107125ms)
✔ our price and the market price are labelled, distinct and comparable (0.049167ms)
✔ the auction price is READ for display only — one call site, no sort/model use (0.183833ms)
✔ R24-C: the "your league" budget in the tooltip is OUR budget, not the board's (0.041125ms)
✔ R24-C: a same-budget board is not "restated", and an unpublished one is not rescaled (0.07325ms)
✔ R24-C: the view prices OURS in OUR budget and only RESTATES the market from the board's (0.110875ms)
✔ R24-C: on the committed board the fix is byte-for-byte — no number moved (0.397208ms)
✔ R24-C: the DISPLAY-ONLY badge is INSIDE the AUC cell, never a sibling of OURS (0.12725ms)
✔ R24-C: the player card and the draft board rank OURS vs AUC the same way (55.601875ms)
✔ our auction price equals the draft room fair sheet on the committed data (3.966083ms)
✔ a K/DEF league prices identically on both tabs (the R21 shape-argument bug) (4.678917ms)
✔ a card with nothing extra to say is byte-for-byte unchanged (0.186959ms)
✔ the extra row is spliced ahead of the conformal band, inside the card (0.113833ms)
✔ a card render.js no longer anchors degrades to the plain card, never breaks (0.021792ms)
✔ the playoff window is the LEAGUE's, and byes in it are found on real data (17.155125ms)
✔ contract shape: 32 teams, estimate pinned, our-model-only source (1.076625ms)
✔ probability accounting: champions sum 1, playoff 14, division 8, conference 2 (0.182083ms)
✔ per-team ordering is coherent (champion <= conference <= playoff) (0.139208ms)
✔ simplified tiebreakers are documented in the notes (0.120833ms)
✔ rank_group tiebreak ladder: h2h beats division record beats conference (pure) (43.24525ms)
✔ determinism: the simulator is seeded (rerunning yields identical teams block) (170.214042ms)
✔ playoffWindow reads playoff_week_start from the profile (0.937959ms)
✔ an absent profile falls back to DEFAULT_PROFILE (week 15), not to 14 (0.105541ms)
✔ the module hardcodes no week range: profile changes move the window (0.4815ms)
✔ a corrupt / hostile profile is normalised, never thrown on (0.159417ms)
✔ the window end is week 17 by default, overridable, never below the start (0.274ms)
✔ inPlayoffWindow is inclusive on both edges (0.166041ms)
✔ elo_diff is window mean minus the player OWN season mean (0.478542ms)
✔ rating is the differential on a 1 (easiest) .. 5 (hardest) scale (0.29375ms)
✔ rating is clamped to [1,5] while elo_diff stays unclamped and honest (0.194375ms)
✔ abs_rating uses the same formula/sensitivity as the season-long SoS meter (0.199958ms)
✔ the reported schedule covers every window week, byes included, in order (0.209125ms)
✔ unsorted weekly rows still produce an ordered schedule (0.111958ms)
✔ a bye inside the window is counted separately and excluded from the mean (0.169708ms)
✔ a bye is never confusable with an easy opponent (0.11275ms)
✔ an opponent with no Elo is skipped loudly (unrated), not treated as 1500 (0.116375ms)
✔ no team_strength -> null (0.093875ms)
✔ no weekly data -> null (0.082708ms)
✔ a player with no game in the window -> null (all bye, all unrated, short season) (0.134375ms)
✔ no null is ever dressed up as a zero-valued report (0.106208ms)
✔ malformed weekly rows are skipped without throwing (0.076417ms)
✔ a bare {TEAM: elo} map works as well as the full contract (0.113875ms)
✔ a player_weekly entry works as well as a bare weeks array (0.134667ms)
✔ lowercase opponent codes resolve against the ratings map (0.162042ms)
✔ playoffSosLabel bands the 1..5 rating and rejects non-numbers (0.072583ms)
✔ playoffSosById keys by gsis_id and OMITS players with no window games (0.296041ms)
✔ rankPlayoffSos sorts easiest first, deterministically (0.258ms)
✔ __selftest passes (0.1505ms)
✔ the committed corpus is large enough to measure (300-player scale) (0.054209ms)
✔ MEASURED: weeks 14-17 vs own season average reproduces the documented shape (8.569459ms)
✔ MEASURED: the playoff window is NOT the season slate — the lens adds information (5.943209ms)
✔ MEASURED: a later playoff start yields a different, shorter window (8.647291ms)
✔ MEASURED: every real report is internally consistent (5.870458ms)
✔ app/playoffs.js imports no market/price/odds source (0.65575ms)
✔ the cap is absolute: no preseason line can move a projection more than 3% (42.982417ms)
✔ the signal decays to EXACTLY zero once three real games are in the books (45.341083ms)
✔ sample scaling: the starter who played one series barely moves (34.279208ms)
✔ honest data: a missing input yields exactly 1.0 and says why (29.835917ms)
✔ the rank guard is measured, not assumed (27.9135ms)
✔ the committed preseason_form.json obeys its contract and its own guard (63.208541ms)
✔ the preseason scraper is seasontype-1 only and never leaks into real stats (0.614167ms)
✔ sw.js registers NO fetch handler — the wc2026 stale-shell bug stays dead (0.701333ms)
✔ sw.js activate path purges nfl26-* caches and claims clients (0.4595ms)
✔ SW registration is best-effort and cannot block first paint (P7-S3-AC3) (0.46725ms)
✔ _headers: app code and manifest revalidate in the background (deploys land in minutes) (0.508792ms)
✔ _headers: /data/* always revalidates; the shell and SW are never served stale (0.309083ms)
✔ _headers: static art is immutable — the one place hard caching is correct (0.252041ms)
✔ _headers: the /* block carries all four baseline security headers (0.26425ms)
✔ REL15 #4: a HAND-BUILT 2-QB league whose stated QB cap EQUALS its starting demand still gets a backup (2.061125ms)
✔ caps: a stated cap ABOVE the startable demand is kept exactly as stated (1.51375ms)
✔ caps: a stated cap BELOW the startable demand is the league rule, and is NOT raised (1.703375ms)
✔ caps: the boundary is >=, checked either side of it (4.359792ms)
✔ BACKWARD COMPATIBILITY: the app-default paths are byte-for-byte unchanged (4.107708ms)
✔ caps: non-QB positions follow the same rule, so this is not a QB special case (1.6775ms)
✔ replacementLevel(): every shape a live view builds carries a league size (2.368708ms)
✔ replacementLevel(): cfgFromProfile always states a league size, for every profile shape (0.637583ms)
✔ replacementLevel(): a shape WITH a league size answers, and league size moves the answer (0.461084ms)
(node:45420) ExperimentalWarning: localStorage is not available because --localstorage-file was not provided.
(Use `node --trace-warnings ...` to show where the warning was created)
✔ the START/SIT net-gain sentence is a single element, not three grid cells (0.514333ms)
✔ .lu-move--net is block flow, so the sentence wraps as prose (0.215167ms)
✔ the lineup card head title is one element, never an anonymous text item (0.061959ms)
✔ .lu-title never wraps, and the head lets the TOTAL move instead (0.880667ms)
✔ getKdstProjections is behind the league/roster test, not unconditional (0.374834ms)
✔ an id that resolves through NEITHER feed still asks for the contract (0.1525ms)
✔ each Compare finder is labelled, and the two labels differ (0.801875ms)
✔ the swap control wraps its pill so the BUTTON is the target (0.840083ms)
✔ the rail is aligned by shared grid rows, not a fixed padding-top (0.812375ms)
✔ the rail emits exactly one chip per metric row it must line up with (0.644166ms)
✔ rosterGeometry(): a bare rosterShape has NO team count, not a fabricated 12 (1.618083ms)
✔ rosterGeometry(): a rosterShape built from a draft config carries ITS league size (0.152458ms)
✔ replacementLevel(): a shape with no league size THROWS instead of assuming 12 (0.779125ms)
✔ replacementLevel(): with a stated league size, size actually moves the number (0.354375ms)
✔ caps: a league that states position_caps gets EXACTLY what it stated (2.492375ms)
✔ caps: the app's OWN fallback set still gets the R19 bye/injury bump (1.330542ms)
✔ caps: a league restating the default set keeps the default behaviour (0.558917ms)
✔ sellTo: a wild LIVE price clamps to maxBid, never to the whole budget (1.001708ms)
✔ sellTo: the clamp is reversible and mints no dollars (0.437375ms)
✔ sellTo: a legal price is recorded untouched (0.407417ms)
✔ sellTo: the clamp tightens as the roster fills (0.320166ms)
✔ a market price on a parlay leg or a game prediction REDS the gate (32.652166ms)
✔ the real parlays + game_predictions files are scanned, not skipped (34.037542ms)
✔ player_usage_weekly declares a usable source URL TEMPLATE, not season 0 (44.474375ms)
✔ def_st_fum_rec states that fum_rec already contains ST recoveries (1.010792ms)
✔ dvp_positional_history records its corpus join, misses included (16.564334ms)
✔ reconcile_corpus counts misses LOUDLY and never raises (38.603833ms)
✔ the dvp contract REQUIRES the corpus_reconcile diagnostic (0.472375ms)
✔ no signal docstring claims postseason games are evaluated (0.815625ms)
✔ dvp_mismatch.load_features documents the seed season as best-effort (39.277917ms)
✔ an IMPORTED cap at the startable demand is honoured exactly, not raised (3.044625ms)
✔ the SAME cap with no provenance keeps the bye/injury allowance (REL15 #4) (0.674584ms)
✔ the two readings differ ONLY in provenance — identical shape otherwise (2.431625ms)
✔ an imported cap BELOW the starting demand is still the league rule (1.617291ms)
✔ an imported cap ABOVE the starting demand is kept as stated, either way (2.566334ms)
✔ non-QB positions follow the same rule — this is not a QB special case (2.5695ms)
✔ the app-default cap set is never treated as enforced, whatever the mark says (1.527083ms)
✔ normalizeProfile accepts only the literal "sleeper" as authority (0.214583ms)
✔ a profile saved before R26 has no mark, so it keeps its old behaviour (0.968125ms)
✔ a real Sleeper import marks its caps, so the importer and the rule agree (2.907583ms)
✔ normalizeTeamBudgets always yields exactly leagueSize finite amounts (0.665916ms)
✔ a level room is byte-for-byte the pre-R27 construction (2.255041ms)
✔ uneven budgets seat the real amounts and change the money in the room (0.521ms)
✔ the board is priced against the money actually in the room (0.483333ms)
✔ scoreAuction measures MY spend against MY starting budget (0.870917ms)
✔ the recorded price flows into budget, log, ceiling and learned tendency (0.344417ms)
✔ my own buys never train the opponent model (0.287167ms)
✔ a recorded price is clamped to what the buyer can legally pay (0.212041ms)
✔ liveInflation is 1 at kickoff for ANY room size, and moves with real spending (0.4135ms)
✔ BEST FIT drops what I cannot afford (0.697375ms)
✔ BEST AVAILABLE ignores my budget, by design (0.114166ms)
✔ no budget means nothing changes — the snake path is untouched (0.106208ms)
✔ an unpriced player is unknown, not unaffordable (0.056709ms)
✔ an impossible ceiling returns the list rather than an empty panel (0.040584ms)
✔ BEST PICK NOW respects the ceiling too (owner call) (0.3595ms)
✔ the sim shape seats K and DEF by default (R47) and drops them only when the league says so (0.0825ms)
✔ K and DEF price at the $1 floor and take no dollars from the offence (0.373541ms)
✔ a K/DEF league geometry agrees with its draft-sim shape (0.114084ms)
✔ the fixtures are what the assertions above assume (0.05225ms)
✔ a bench-minimum K/DEF league can actually finish its auction (15.263666ms)
✔ every roster config the settings grid can build has capacity for its shape (1683.07775ms)
✔ a league that seats K and DEF ends with every team holding one (7.1455ms)
✔ the late preference does not pull kickers into the early auction (0.577875ms)
✔ fillStarters names the slots it could not fill (0.210209ms)
✔ startersTotal is unchanged by the split (0.088375ms)
✔ a completed auction reports no empty slots (5.321834ms)
✔ a board with no kickers fills every OTHER seat and names the holes (9.304292ms)
✔ the league extras survive the conversion team.js performs (0.39425ms)
✔ extraPtsOf tolerates a player with no weekly entry (0.317583ms)
✔ the committed history really mixes trial grids (the bug is reproducible) (0.653167ms)
✔ topTrials on the committed data: every knob finite, best is a real grid row (1.07225ms)
✔ backtestCard renders no NaN and highlights a fully-labeled best row (0.889917ms)
✔ SHAPE-DRIFT GUARD: a trial carrying part of the grid is a bug, not a filter case (0.86975ms)
✔ familyRows marks exactly the incumbent_families as incumbent (committed data) (0.320375ms)
✔ familyRows: an entry without incumbent_families flags nobody (legacy-safe) (0.094667ms)
✔ gateCard: the incumbent wears APPLIED · INCUMBENT, never the weight-0 chip (0.534208ms)
✔ paramsCard lists the applied family with its scale, provenance and caveat (0.273ms)
✔ resolvedLockCount: backtest entries never count; the LATEST in-season refit count shows once locks grade (8.193ms)
✔ resolvedLockCount surfaces a refit-shaped entry — the branch is reachable now (0.247125ms)
✔ the dead resolved_locks key is gone from the view code (1.35775ms)
✔ cards that report measurements are stamped MEASURED, projections ESTIMATE, never both (0.887041ms)
✔ the retired "placeholder until live odds" claim is gone from the legend (0.167334ms)
✔ the legend states the R30a boundary and the correlation truth (0.452791ms)
✔ DATA AGREEMENT: week parlays really are independence products (legend claim) (0.113625ms)
✔ DATA AGREEMENT: same-game EVs are correlation-adjusted, not the naive product (0.256ms)
✔ DATA AGREEMENT: legend's IMPL claims hold — real book game lines, vig-charged props (0.852916ms)
✔ every shipped correlation_note matches its scope (the legend defers to them) (0.264333ms)
✔ draft record rounds beat the league object's stale copy (1.144792ms)
✔ without a draft record the league value is used AND flagged unverified (0.165125ms)
✔ cap enforcement is READ, not assumed (0.142417ms)
✔ the advisory stamp reaches the profile when enforcement is off (2.747583ms)
✔ the minimum league budget never prints a negative dollar (0.970834ms)
✔ an unprojected player gets honesty, not a LET THEM SPEND verdict (0.283958ms)
✔ a fresh room reads neutral, not "bargains ahead" (0.2195ms)
✔ a DST-spelled defence seats and scores like a DEF-spelled one (0.13675ms)
✔ team.js no longer promises an editor that does not exist (1.376583ms)
✔ team.js no longer says the AI+ room prices SUPERFLEX as WR/RB/TE (1.068042ms)
✔ the committed pool supplies the three parity subjects (0.793459ms)
✔ PLAYERS PROJ, COMPARE PROJ PTS and TEAM's finder number are ONE number in every mode (0.951833ms)
✔ LINEUP's converted weekly rows sum back to the season PROJ (to feed rounding) (0.488791ms)
✔ RoS is mode-converted, identical on PLAYERS/COMPARE/LINEUP, and never exceeds the season (0.380875ms)
✔ extra_pts apportions across non-bye weeks by season share and sums back exactly (3.629666ms)
✔ every formerly-decorative schema keyword now fails a violating document (33.226542ms)
✔ the same keywords pass a document sitting exactly on every bound (29.923375ms)
✔ the keyword enforcement matches what the real contracts rely on (31.049833ms)
✔ $ref is a hard validator error, never a silent no-op (27.493041ms)
✔ no contract under data/contracts/ uses $ref (5.250917ms)
✔ market_prices.schema.json validates BELOW the top level (proof of bite) (30.661334ms)
✔ build_markets.source_record: a 0-row write is NEVER silently ok (64.637792ms)
✔ build_predictions.market_feed_record: the hardcoded-ok mapping is gone (80.39075ms)
✔ a deliberately unconfigured feed reads as awaiting-config, not ok/down (0.787875ms)
✔ build_preseason.py states reality: experimental, unwired, output unread (1.0495ms)
✔ the frozen preseason artifact is at least gate-validated now (23.7395ms)
✔ parlays.schema.json never claims conformal derivation for the tier (0.383167ms)
✔ theme.css: every var(--x) without a fallback is a defined token (1.73575ms)
✔ theme.css: the phantom --line token stays gone (R30 finding, by name) (1.382083ms)
✔ MODEL bars: every fill .cal-bar--exp/.bt-bar ship clears 3.0:1 on --surface (0.610916ms)
✔ index.html: #view carries no aria-live; #announce is the scoped outlet (0.175583ms)
✔ .auc-team ledger: bounded columns are content-sized (no per-row wrapping) (0.218708ms)
✔ the OURS memo key is derived from the shape fairDollars prices with (2.013958ms)
✔ k and def change the shape the key is built from (pure helper) (0.407791ms)
✔ a reset clears the applied-roster claim (now structurally, via re-mount) (1.228958ms)
✔ no user-facing copy blames a missing feed on a future deploy (1.668708ms)
✔ the Sleeper player-list cache states its real lifetime (0.7795ms)
✔ the league-save branch repaints everything the profile feeds (0.657792ms)
✔ paintDraft and paintCands restore focus across the innerHTML rebuild (0.530333ms)
✔ the roster carries list semantics, never listbox/option (1.235208ms)
✔ the bottom nav is nav-link semantics with aria-current (0.574917ms)
✔ route changes populate #announce, and only route changes (0.24ms)
✔ the three movers stamp their CURRENT team from the current-season map (68.33ms)
✔ the historical team is a FALLBACK only, and every fallback is loud on stderr (63.249334ms)
✔ without a current-team map the old behaviour is byte-for-byte intact (62.669292ms)
✔ build_predictions actually wires current_season into the live pipeline (0.4495ms)
✔ R32 name-fallback stays in place as the safety net (not removed by R33) (0.388166ms)
✔ kalshi-shaped ok/0 input comes out degraded on the next run (R30b logic) (75.707667ms)
✔ pipeline_status contract accepts the new note field (R29 lesson: declare it) (0.357ms)
✔ espn_results_2026 explains a zero instead of shipping silent ok/0 (0.434125ms)
✔ rule 4 accepts a mover matched by unique report name, guards both ambiguities (26.769ms)
✔ RESET_ALL_KEYS enumerates every nfl2026.* data key, and only ours (1.099958ms)
✔ wipeAllAppStorage removes exactly the listed keys, nothing else (0.121083ms)
✔ restartSessionStorage: clears the session, keeps the KEEP list (0.515208ms)
✔ restartSessionStorage: with the default profile the toggle returns to PPR (0.104208ms)
✔ restartSessionStorage: a default profile stashes nothing and does not clobber an existing stash (0.141958ms)
✔ the stash round-trips, and absent/corrupt reads as NO stash (never default) (0.825708ms)
✔ storage migration: the pre-R34 single-profile shape still loads unchanged (0.323292ms)
✔ the toolbar carries BOTH buttons with the owner's exact language (1.827417ms)
✔ both buttons are two-tap, and each branch does its half (1.63125ms)
✔ the RE-APPLY strip exists, is one tap, and hides once applied (1.095667ms)
✔ index.html: every boot stamps data-theme="hig", with no storage read (0.344625ms)
✔ the dead switcher styles are gone; the wk chip idiom stays (0.305542ms)
✔ red styling hooks for RESET ALL exist in BOTH stylesheets (0.617166ms)
✔ validateSoldEntry: blank price refused, missing buyer refused, both set OK (0.131958ms)
✔ the auc-sold branch routes through the validator and sells at the typed price (1.184625ms)
✔ name precedence: typed > sleeper > default, index-keyed, duplicates fine (0.213166ms)
✔ auction-teams record: versioned round trip + legacy/corrupt tolerance (0.182875ms)
✔ names thread as DISPLAY into every auction surface, never into the engine (1.049458ms)
✔ RCA: the auction budget constraint filters rows, it never rescores one (1.161084ms)
✔ RCA: no scoring surface reads the draft format (source lock) (0.754541ms)
(node:45456) ExperimentalWarning: localStorage is not available because --localstorage-file was not provided.
(Use `node --trace-warnings ...` to show where the warning was created)
✔ theme-color metas carry the exact HIG --bg tokens, per scheme (1.011334ms)
✔ the manifest matches HIG dark and stopped claiming dark-only (1.680666ms)
✔ myRosterIds reads the TEAM slots defensively and never writes (0.260083ms)
✔ the badge renders for a rostered id and nothing otherwise (0.053459ms)
✔ corrupt or absent roster storage is an empty set, not a throw (0.1745ms)
✔ the badge is inked with the small-text tier in HIG (0.174709ms)
✔ the result card renders a per-team ledger through seatLabel (0.678375ms)
[warn] roster ages: T22 skipped — ESPN GET https://site.api.espn.com/apis/site/v2/sports/football/nfl/teams/22/roster returned HTTP 404. (stub) — that team's players carry NO age (absent, never fabricated)
[warn] roster ages: T01 skipped — ESPN GET https://site.api.espn.com/apis/site/v2/sports/football/nfl/teams/1/roster returned HTTP 404. (stub) — that team's players carry NO age (absent, never fabricated)
[warn] roster ages: T02 skipped — ESPN GET https://site.api.espn.com/apis/site/v2/sports/football/nfl/teams/2/roster returned HTTP 404. (stub) — that team's players carry NO age (absent, never fabricated)
[warn] roster ages: T03 skipped — ESPN GET https://site.api.espn.com/apis/site/v2/sports/football/nfl/teams/3/roster returned HTTP 404. (stub) — that team's players carry NO age (absent, never fabricated)
[warn] roster ages: T04 skipped — ESPN GET https://site.api.espn.com/apis/site/v2/sports/football/nfl/teams/4/roster returned HTTP 404. (stub) — that team's players carry NO age (absent, never fabricated)
[warn] roster ages: T05 skipped — ESPN GET https://site.api.espn.com/apis/site/v2/sports/football/nfl/teams/5/roster returned HTTP 404. (stub) — that team's players carry NO age (absent, never fabricated)
[warn] roster ages: T22 skipped — stub 404 — that team's players carry NO age (absent, never fabricated)
✔ one failed roster page degrades that team and the pull SUCCEEDS (67.530958ms)
✔ a systemic outage (more than max_failed_teams pages) still hard-fails (54.288583ms)
✔ the volume floor scales to the teams that answered (60.638125ms)
✔ an all-healthy pull is unchanged: full map, no failure path (60.549167ms)
✔ scripts/build_oline.py: one dead roster page skips ONE team, capped at the contract floor (0.5305ms)
✔ scripts/build_defense.py: one dead roster page skips ONE team, capped at the contract floor (0.163125ms)
✔ the composite schemas' floor (30) is what the cap encodes (0.336ms)
✔ unrankedHighAdp finds only genuinely missing top-100 skill players (0.841833ms)
✔ the strip renders the absence with the WHY, and never a fabricated number (0.344208ms)
✔ the strip is wired into the PLAYERS mount and styled in both themes (1.01175ms)
✔ every top-100-ADP skill player is either ranked or visibly UNRANKED (1.2095ms)
✔ _nflverse_reached classifies every writer-emitted source shape correctly (64.002958ms)
✔ _carry_rookie_flags moves the stamp by id and leaves unknowns unknown (66.070875ms)
✔ the injury re-projection branch carries the flags before it rewrites (0.532166ms)
✔ normCdf behaves like a CDF and winProb like a matchup (0.40225ms)
✔ simulateLeagueScheduled: deterministic, mass adds up, stronger better (5.737458ms)
✔ a FINAL game is locked: its winner banks the win in every sim (0.643208ms)
✔ an UNSCHEDULED week still plays (random pairing), so season length holds (0.928042ms)
✔ weeklyWinTable: a final game is a fact, a future one a probability (0.1575ms)
✔ leagueMeta reads the sim facts and names the pre-draft state (0.1ms)
✔ buildWeeks: pairs by matchup_id, locks only scored weeks, reports the rest (0.292209ms)
✔ buildWeeks reports byes and unknown rosters instead of inventing games (0.063459ms)
✔ poolPlayersFor keeps matched pool records and NAMES the rest (0.083125ms)
✔ the Sleeper loader is wired lazily and the budget knows the new module (2.343167ms)
✔ shapeFromRoster: league tokens in, grading shape out (0.868792ms)
✔ gradeTeam seats K/DEF and SUPER_FLEX from a league shape (0.223667ms)
✔ a pool without K rows grades the K slot EMPTY — never invented (0.080917ms)
✔ every flex token's eligibility is canonical positions only (0.079666ms)
✔ syntheticFieldTotals derives caps from the shape and fields K/DEF seats (1.196292ms)
✔ the GRADE view reads the saved league: shape, kdst pool, honest projOf (0.631ms)
✔ TEAM's roster sync names WHY a K/DEF cannot seat, with the one-step fix (1.250208ms)
[warn] bonus-game counts skipped — nflverse weekly stats unreachable: feed down
✔ extract_components: verified line in, correct keys and base out; doubt in, None out (72.4255ms)
✔ _bonus_games_by_name: cumulative thresholds, ambiguity dropped, failure absent (71.312292ms)
✔ check_component_lines: co-presence, extraction drift and cmp>att all red (31.333625ms)
✔ componentDelta prices EVERY component-fed rule against the ESPN base (0.917833ms)
✔ withLeagueExtras: default profile prices nothing; a saved league prices the full delta (0.353708ms)
✔ GRADE rides the same league extras as every other surface (0.356167ms)
✔ the component fields survive the weekly build only as a verified pair (0.423041ms)
[warn] rookie starters skipped — nflverse feed unreachable: feed down
✔ _rookie_starters: latest snapshot, rank-1 rookies only, RB unsettled, facts computed (69.572125ms)
✔ _team_sos_and_bye: unrated opponents give sos null — unknown, never 3.0 (74.336208ms)
✔ the producer's SOS scale constant matches the app's (0.686417ms)
✔ renderRookieStarters shows the facts and NEVER a point estimate (0.459083ms)
✔ the strip is wired behind the ROOKIES ONLY filter (0.410375ms)
✔ the selftest build measures all four keys and declares them modelled (67.442166ms)
✔ committed doc: every defense's measured extras land in real-world season bands (1.312917ms)
✔ a league pricing the four keys gets real points, and the omitted list shrinks (4.359583ms)
✔ the selftest fixture carries the new required columns (0.168083ms)
✔ R47: the DEFAULT roster seats one K and one DEF (9 starters, 15 slots, 15 rounds) (0.738958ms)
✔ R47: every geometry engine agrees — team-logic, lineup, draft-sim, profile (2.693667ms)
✔ R47: the default lineup fills K1/DEF1 from the kdst feed and never fabricates them (1.668375ms)
✔ R47: PLAYERS has K and DEF chips and lazily seats kdst rows priced by the league (0.1685ms)
✔ R47: a TEAM Sleeper sync SAVES the profile, locks scoring, remembers the id, and announces it (0.150625ms)
✔ R47: a GRADE Sleeper load runs the same sync (saves the profile even pre-draft) (0.073083ms)
✔ R47: league id round-trips through storage and is wiped by RESET ALL (0.081084ms)
✔ R47: RESTART SESSION keeps the synced league applied; only RESET ALL clears it (0.163875ms)
✔ R47: loadScoringMode follows the saved league rec value and ignores a drifted toggle (0.298208ms)
✔ R47: the scoring segment renders disabled and labelled when locked (0.158625ms)
✔ R47: every projection surface stamps league extras and prices through scoringAdjust/projSeason (0.325833ms)
✔ R47: the league chip states the session-wide truth on every page (0.127208ms)
✔ the bench covers a starter's bye: the bench QB starts, the bye QB is counted (2.349459ms)
✔ an unavailable starter is benched for the week and named (0.502416ms)
✔ K/DEF points come from the kdst index, never from proj_points (3.979459ms)
✔ an empty slot contributes nothing and is reported as EMPTY, never 0.0 (1.052458ms)
✔ seasonTable: one weekly total per regular-season week, per team (3.57875ms)
✔ P.T.I.: 10 teams, 14 real weeks, nothing final yet (4.774083ms)
✔ simulateSeasonWeekly on P.T.I.: conservation, mass, ordering, determinism (47.043834ms)
✔ a locked FINAL game is counted as real in every simulated season (10.661208ms)
✔ the GRADE view runs the weekly engine, renders the standings and labels the engine (1.407542ms)
✔ R48: scoringDiff on P.T.I. — changed, unchanged, league-only, zeroed and D/ST keys (0.923083ms)
✔ R48: scoringDiff is sorted by |delta| desc, then key A-Z, and is [] for the default (0.22125ms)
✔ R48: scoringDiff — a baseline key the league LACKS is league:null; absent-vs-0 is no difference (0.138333ms)
✔ R48: scoringLabel — known keys read as prose, unknown keys fall back to the raw key (0.04ms)
✔ R48: shapeDiff on P.T.I. — 10 teams, 2 FLEX, no K, 5 bench (0.224959ms)
✔ R48: shapeDiff — the default shape has no lines; a league-only slot and a starter-count change are named (0.149833ms)
✔ R48: recordSync / loadSyncLog round trip through a fake storage, newest first (0.228667ms)
✔ R48: the log keeps the newest 20 entries only (0.444666ms)
✔ R48: corrupt, hostile or throwing storage reads as [] and never throws (0.170875ms)
✔ R48: the LEAGUE route, tab and lazy mount are wired (and stay off the boot path) (2.501792ms)
✔ R48: the view repaints on the nfl2026:league event, tears its listener down per mount, and fetches nothing (0.469584ms)
✔ R48: DEFAULT_SCORING is exported unchanged — it IS the default profile's table (0.334917ms)
✔ R48: the league id field is seeded from the remembered league, so a remount cannot blank it (0.82575ms)
✔ R48 (moved by R52): SYNC NOW continues into the roster read in the SAME mount (one press) (0.195333ms)
✔ R48: the remembered roster round-trips per league and is wiped by RESET ALL (0.427542ms)
✔ R48-B wiring: both syncs write the LEAGUE tab log (0.266166ms)
✔ R48: the roster read selects a remembered team and seats it when nobody would be dropped (0.340791ms)
✔ R48: the auto path never removes a seated player; the manual confirm still can (0.081792ms)
✔ R48-D: TEAM and LINEUP say when a league fields no K slot (0.090917ms)
✔ a 13-game 300-point prior projects to 300/13*17 when no absence is documented (36.091875ms)
✔ a documented 4-week absence projects x13 (17 - 4), at the same per-game rate (33.156291ms)
✔ a 17-game player is unchanged by the rule (28.820709ms)
✔ unknown status and unknown games are NOT a discount (37.539458ms)
✔ recency weighting: 2:1 over the last two prior seasons, per game played (30.394542ms)
✔ the GATED series keeps the total rule until the gate flips; the candidate always uses the R49 rule; the owner override ships the candidate (31.751417ms)
✔ candidate_points = R49 baseline x every raw signal at full strength, auditable (28.2405ms)
✔ build_weekly does not subtract a documented absence twice when it is already in the total (27.570792ms)
✔ meta.projection_baseline is present, schema-valid, and consistent with the engine (25.628292ms)
✔ the ESPN pool collects prior_games from the same actuals entry and delivers it (0.466208ms)
✔ ledger append is idempotent per day; first/latest kept; weeks lock before kickoff and never change (36.843792ms)
✔ resolver skips when the week has no rows, never scores an unmatched player, and conserves counts (33.431833ms)
✔ the harness objective refuses to fit with 0 resolved weeks, and one week yields no held-out fold (47.703292ms)
✔ the committed record is honest: 0 resolved weeks, null MAE, nothing invented (1.546709ms)
✔ wiring: daily.yml appends then resolves after the pool; backtest.yml proposes only; smoke runs the selftests; contracts registered (0.955584ms)
✔ SHIPPED_ESTIMATE is "candidate": proj_points IS the scenario, the gated number rides along (35.391542ms)
✔ the candidate band ships calibrated: multiplier x band covers ~0.68 of 2024->2025 actuals (41.837875ms)
✔ component pricing scales with the shipped number and the client integrity check still passes (37.671ms)
✔ contracts accept records with and without the override fields; three series in the ledger contracts (42.564417ms)
✔ R49: the module self-test passes and the fetch path is the contract path (0.654333ms)
✔ R49: shapeSleeper prices Lamar Jackson week 1 to 20.23 under P.T.I. (the owner's number) (6.78675ms)
✔ R49: Devonta's Inferno's nine Sleeper starters price to 137.79 in week 1 under P.T.I. (3.31475ms)
✔ R49: a week Sleeper does not project is null — never 0 (2.993417ms)
✔ R49: shapeSleeper refuses a null / malformed / non-display-only doc with ok:false (0.061ms)
✔ R49: rosSleeper sums from a week; null when nothing remains (2.810333ms)
✔ R49: sumSleeper reports coverage — a missing player adds nothing and is counted (3.013ms)
✔ R49: gapReason is '' inside 20% and an honest line outside (never an invented cause) (0.149209ms)
✔ R49: deltas are vs OURS (0.081083ms)
✔ R49: scenarioOf prices the candidate by the shipped ratio; absent fields -> null (0.241ms)
✔ R49: scenarioMoves lists the biggest moves (capped to three, zeros dropped) and formats them (0.192709ms)
✔ R49 override: shippedMode reads the mode and names the rule OURS actually follows (0.100292ms)
✔ R49 override: gatedOf prices gated_* exactly as scenarioOf prices candidate_*; absent -> null (0.045459ms)
✔ R49 override: renderEstimateRow in candidate mode — OURS (scenario ±sd) · GATED · SLEEPER, no SCENARIO cell, moves explain OURS (0.677292ms)
✔ R49 override: GRADE team line and sums follow the mode (0.198125ms)
✔ R49 override: the MODEL baseline card states the mode plainly; gated mode keeps the existing text (0.145166ms)
✔ R49 override: PLAYERS and GRADE read the shipped mode from meta (lazily) and pass it through (0.433791ms)
✔ R49: renderEstimateRow — OURS · SCENARIO · SLEEPER with deltas vs OURS, the week line, moves and reason (0.112708ms)
✔ R49: renderEstimateRow — Sleeper lacks the player -> em dash (not 0.0); ≈ marks an approximate scenario (0.042125ms)
✔ R49: renderEstimateRow — nothing to say renders nothing (no doc, no candidate) (0.0445ms)
✔ R49: withEstimateRow splices before the signals block and leaves an anchorless card untouched (0.030584ms)
✔ R49: scenarioTeamSum sums the candidates for the same starters; coverage honest; null when none (0.3745ms)
✔ R49: sleeperTeamSummary — season for the starters, every week, regular-season PF, n/N coverage (6.927875ms)
✔ R49: baselineCard / learningCard render the meta keys, and nothing on an older meta (0.606792ms)
✔ R49: PLAYERS renders the estimate row and fetches Sleeper LAZILY after the first paint (0.8145ms)
✔ R49: GRADE cards, weekly headers and standings carry the Sleeper cells; the fill is lazy (0.629375ms)
✔ R49: MODEL mounts the two new cards; the perf budget knows the lazy module (1.033709ms)
✔ the reference fixture validates against data/contracts/sleeper_projections.schema.json (167.852ms)
✔ the pure core reproduces the fixture shape from raw Sleeper rows, with exact matching only (36.699541ms)
✔ the builder output validates against the contract (27.821667ms)
✔ wiring: validator routes it as runner-built, daily.yml builds it AFTER the pool, perf allowlist admits it, no data file committed from the fixture (12.104375ms)
✔ R49: freeAgents excludes every rostered id and keeps the rest (id or gsis_id) (0.631542ms)
✔ R49: bestAvailable ranks THIS WEEK and REST OF SEASON separately, byes at 0, absent as null (0.301417ms)
✔ R49: bestFit gain is bestLineup(with) minus bestLineup(without), sorted, rounded, tie on id (17.822375ms)
✔ R49: the drop is never an optimal-lineup starter while a bench player exists, and its cost is named (9.150959ms)
✔ R49: when nothing raises the lineup the note says so honestly, and no market input exists (1.711125ms)
✔ R49: the league-rosters record round-trips, reads null when absent, corrupt or another league (1.286333ms)
✔ R49: the NFL-week record round-trips and only a regular-season week 1..18 becomes the default (0.133125ms)
✔ R49: RESET ALL wipes both new keys (0.03425ms)
✔ R49: fetchSleeperState reads /v1/state/nfl with the shared result shape and never throws (0.3325ms)
✔ R49: runRosterSync saves every roster and the NFL week; a seat marks my_roster_id (0.332458ms)
✔ R49: LINEUP defaults the WK selector from storage and labels it; the no-sync copy is exact (0.178625ms)
✔ R51: the ±25% trajectory multiplier is gone from the PLAYERS view (0.642917ms)
✔ R51: "this week" is the week league-rosters remembers, via a LAZY import (0.206291ms)
✔ R51: RoS equals the sum of the remaining non-bye priced weeks of the same split (9.244125ms)
✔ R51: a player with no weekly row is "—" under AI+ (never 0) and sorts last (0.528958ms)
✔ R51: the AI+ headline is this week's points, labelled WK n · MATCHUP, with BASE and RoS (0.246916ms)
✔ R51: the AI+ wording lists factors ONLY for the measured weekly_split_v2 doc (0.194875ms)
✔ R51: the toggle exists only with the weekly layer; the shared preference key is unchanged (0.16225ms)
✔ deltaText marks the GOOD direction, not the sign (0.44975ms)
✔ verdictChip: boolean adopted only — a string "true" is not a verdict (0.09025ms)
✔ weeklyGateCard renders the sample: header, verdict, pooled + 2025 table with marked deltas (0.930542ms)
✔ weeklyGateCard: per-position rows, band, bootstrap, factors, rule and reason (0.150584ms)
✔ weeklyGateCard: a RETAINED verdict wears the plain chip and never ADOPTED (0.142875ms)
✔ weeklyGateCard: a MISSING file renders NOTHING — no placeholder (0.043334ms)
✔ weeklyGateCard: a PRESENT file without a verdict renders AWAITING, not the metrics (0.183292ms)
✔ weeklyGateCard escapes a hostile reason / rule / candidate name (0.141791ms)
✔ parlayGateCard: MONEYLINE row is a yardstick with the MEASUREMENT ONLY badge (0.363792ms)
✔ parlayGateCard: SPREAD row carries the NO EDGE chip, its reason and the conviction bins (0.271542ms)
✔ parlayGateCard: PROPS block — folds seed → calibrated, the >0.6 bucket, lines, sd, calibration, verdict (0.15225ms)
✔ parlayGateCard: CORRELATIONS table — label, measured rho, n, prior; default and method (0.126084ms)
✔ parlayGateCard: a MISSING file renders NOTHING; a missing verdict renders AWAITING (0.220792ms)
✔ parlayGateCard escapes hostile strings in every free-text field it renders (0.169875ms)
✔ loadWeeklyBacktest / loadParlayBacktest: the doc on 200, NULL on 404, NULL on a parse error (5.117583ms)
✔ mount: both cards are omitted when the painter returns "", and sit after CALIBRATION, before SEASON LOCKS (0.554667ms)
✔ both feeds are registered OPTIONAL in validate_data.py with their schemas (30.3435ms)
✔ weekly_backtest.schema.json accepts the sample and pins the contract (199.741667ms)
✔ parlay_backtest.schema.json accepts the sample and pins the contract (291.902167ms)
✔ spread leg: model_prob is exactly 0.5 at the book number, edge_note present (30.135916ms)
✔ calibrated prop probability is monotone in mu and rises with p_team (26.169875ms)
✔ a prop leg with no component key (or no week row) is skipped and counted, never seeded (27.763917ms)
✔ seed fallback when the calibration file is absent: old math, clamps, stamped (23.317833ms)
✔ correlation values come from the file; the fallback table equals the measured numbers (23.040292ms)
✔ data/parlay_backtest.json honours the contract; verdicts adopted / no_edge (0.790875ms)
✔ python3 scripts/backtest_parlay.py --gate exits 0 on the committed fixtures (307.057ms)
✔ python3 scripts/backtest_parlay.py --selftest exits 0 (308.349625ms)
✔ the Elo tilt moves a QB week and leaves RB/WR/TE weeks untouched (24.280833ms)
✔ weather multipliers and their neutral rules (24.754166ms)
✔ venue rel is clamped to [-1.0, 2.5] and falls flat on lam <= 0.3, low_n, or a missing venue (23.949125ms)
✔ DvP blends the prior season at half weight with weeks < wk and shrinks by 0.25 (22.103291ms)
✔ the document meta names weekly_split_v2 and carries the v2 keys + neutral counts (23.352875ms)
✔ non-bye playable weeks still sum exactly to the season target under v2 (25.10625ms)
✔ data/weekly_backtest.json is committed and carries the exact contract (0.831125ms)
✔ a fresh recompute reproduces the committed pooled block and the gate exits 0 (1399.672541ms)
✔ the three R51 selftests exit 0 offline (197.458917ms)
grade: superseded mount dropped
✔ deriveLeagueContext: the same inputs give the same context at mount and after a sync (23.2475ms)
✔ deriveLeagueContext: no saved league grades on the default offence shape (2.002584ms)
✔ deriveLeagueContext: a K/DEF league with no kdst doc says so — EMPTY, never invented (6.4845ms)
✔ the LOAD is single-pass: no pendingAutoload, no remount, one dump path, a mount guard (0.389625ms)
✔ mount guard: two mounts of one element paint the form once; the superseded mount writes nothing (8.889542ms)
✔ the card says what its number is; the season-optimal starters are folded and labelled (0.735667ms)
✔ per-week view: STARTERS, BENCH, EMPTY, SUB and the week total from a fixture week (1.3965ms)
✔ per-week view: without Sleeper's starters nothing is marked SUB; an empty bench says so (0.916167ms)
✔ one fetch per session: the second call is the memo, force re-fetches (1.309042ms)
✔ a failure is never remembered: the next press fetches again (0.273083ms)
✔ progress is reported from a streamed body, bytes and total (0.602084ms)
✔ a timeout is a named failure, not a throw; a non-dump body is refused (21.437958ms)
(node:45558) ExperimentalWarning: localStorage is not available because --localstorage-file was not provided.
(Use `node --trace-warnings ...` to show where the warning was created)
✔ R52: the remount hand-off is gone — no flag, no direct mount at the SYNC NOW site (0.521792ms)
✔ R52: adoptSavedProfile remakes everything a fresh mount derives from the profile (0.298958ms)
✔ R52: a module-level mount sequence, captured per mount, asked at every DOM-writing await (0.563167ms)
✔ R52: the two resets are the only remounts and go through remount(); RE-APPLY and SAVE repaint in place (0.558042ms)
✔ R52: the player dump is read through app/sleeper.js once per session, with a progress line (0.542167ms)
✔ R52: the in-place derivation equals a fresh mount's derivation for the P.T.I. profile (36.62025ms)
[fit_player_signals] not ready, nothing fitted, nothing written: resolved ledger has 0 week(s) (0 rows); the player objective needs >= 1 resolved week(s) — refusing to fit on nothing: nothing
✔ the production append locks week 1 on the ledger copy from the last pre-kickoff as-of (0.381417ms)
✔ the fixture is realistic: nflverse columns, week 1 REG, fantasy_points_ppr == the component formula (31.100459ms)
✔ --dry-run-with: week 1 resolves through the production path, numbers are real, nothing is written (72.451667ms)
✔ a CSV carrying OTHER weeks only resolves nothing and says why (135.291167ms)
✔ meta.learning_record mirrors the scores document on the same eleven keys, resolved or not (40.729125ms)
✔ fit_player_signals: one resolved week REFUSES (no held-out fold) and records why; two weeks PROPOSE (73.682916ms)
✔ backtest_weekly live_2026: honest zero until a week resolves, the joined metrics after; contract admits both (58.861417ms)
✔ LEARNING RECORD card: day-zero wording at 0 weeks; the three series, the best marked and the last verdict once resolved (2.105416ms)
✔ LIVE 2026 on WEEKLY SPLIT GATE: nothing when absent, the note at 0 weeks, the row after (0.717875ms)
✔ LIVE 2026 on PARLAY GATE: codes to partition C's contract — absent renders nothing, weeks 0 the note (0.739833ms)
✔ wiring pins: the dry-run flag, the honest live note, the doc, and the fit verdict (2.638916ms)
✔ every defense carries a split whose factors average 1.0 (0.91675ms)
✔ no kicker carries a split, and the contract says why (0.087167ms)
✔ the split is clamped, so one blowout cannot own a week (0.142708ms)
✔ weeklyPointsFor scales the flat average; a kicker keeps it (5.753292ms)
✔ a malformed weekly list falls back to the flat average, never a silent 1.0 (9.552167ms)
✔ the split is league-agnostic: a different scoring profile rescales, never reshapes (4.206541ms)
✔ build_kdst, build_kdst_history and backtest_kdst selftests exit 0 (205.428042ms)
✔ the R55 gate passes on the committed corpus and reports a paired interval (223.066791ms)
✔ the corpus is regular-season only and pairs every team-week (2.948209ms)
✔ the gate refuses a short corpus and refuses a tie (119.909583ms)
✔ the forecast builder targets every non-dome home and stamps every row with its source (85.032333ms)
✔ the horizon is 16 days counting today; the past and day 17 are outside (85.678167ms)
✔ climatology rule admission recomputes from weather_history.json and matches the doc headline (110.959167ms)
✔ build_weekly serves forecast rows first, climatology only where none exists, and counts by source (69.011833ms)
✔ weather_forecast.schema.json admits stamped forecast rows, climatology and sources; the pre-R56 shape still passes (81.730875ms)
✔ the R56 selftests exit 0 offline and the builder never fetches under --selftest (301.138459ms)
✔ ledger: first sight locks the as-made fields; same as-of is a no-op; post-kickoff legs stay unlocked (34.053417ms)
✔ committed parlay ledger: every leg locked before kickoff, every prop leg identified, keys unique (1.777708ms)
✔ resolver dry run: hit/miss/unresolved with reasons, seed and model on identical legs, LA -> LAR (140.815042ms)
✔ resolver --offline writes the honest record: no prop resolves, game legs only from receipts; the committed file is one (56.211ms)
✔ refit_decision blocks a regression on EITHER the 2025 fold or the 2026 legs; adversarial legs never adopt (253.762833ms)
✔ data/parlay_backtest.json: live_2026 contract keys, honest today (1.611292ms)
✔ validate_data registers both feeds as OPTIONAL and routes the parlay ledger to its own schema (0.802958ms)
✔ python3 scripts/build_parlay_ledger.py --selftest exits 0 (49.023208ms)
✔ python3 scripts/resolve_parlay_legs.py --selftest exits 0 (57.249833ms)
✔ python3 scripts/backtest_parlay.py --selftest exits 0 (416.583ms)
✔ python3 scripts/backtest_parlay.py --gate exits 0 (354.070625ms)
✔ python3 scripts/validate_data.py --selftest exits 0 (51.202875ms)
✔ python3 scripts/validate_data.py exits 0 (990.451334ms)
✔ R70: build_injury_history admits OL and DL-front spellings, not OLB / K / S, and shapes skill rows unchanged (60.968375ms)
✔ R70: the committed injury_history carries line rows for every scored season and only contract positions (6.543ms)
✔ R70: espn.fetch_injuries carries position / athlete_id only on request and only when present (32.860125ms)
✔ R70: build_line_report — latest snapshot, rank-1 OL / DL-front starters, ESPN-id join, unavailable path (67.769833ms)
✔ R70: the committed data/line_report.json validates against its contract and matches the pipeline week (46.117209ms)
✔ R70: backtest_lines emits 15 variants with a never-regress verdict each and adopts nothing (614.263959ms)
✔ R70: the committed lines_backtest artifact, when present, is measure-only and its verdicts follow its numbers (0.457ms)
✔ R70: lineReportTeams gates on available:true and the week; players.js and lineup.js copies agree exactly (0.251958ms)
✔ R70: the PLAYERS splice sits after the BASE line and leaves the r51 .p-unit order intact (0.336625ms)
✔ R70: GRADE week folds carry the chip through lineOf and render exactly as before without it (0.329291ms)
✔ R70: wiring — one allSettled on LINEUP, AI+-gated fetch on PLAYERS, optional fetch on GRADE, additive CSS (0.814334ms)
✔ status gating: FINAL score or lock receipt grades; halftime and 0-0 stubs never (65.446875ms)
✔ finals_index drops every non-FINAL status and any row without both scores (39.809708ms)
✔ verdict rule: inclusive band, DNP is null not 0, no row without an actual row (83.981125ms)
✔ measured why: factors ranked by |points|, numbers in every line, reconciles to the delta (149.332875ms)
✔ game why is measured: confidence, margin, QB1 status (no row != healthy), venue/forecast (92.506916ms)
✔ leg_outcomes_from_ledger reads C's resolved/unresolved shapes; parlay rules hold (76.753167ms)
✔ summary math conserves counts (168.608125ms)
✔ data/review.json validates against its inlined schema and the JSON convention (69.624ms)
✔ app/review.js is a lazy import from the views, never a static edge; fetch only via loadJson (1.534917ms)
✔ renderPlayerReview emits the verdict chip + measured why; nothing before the doc resolves (69.504375ms)
✔ CSS: only .rv-* rules were added, and every HIG rule is scoped (0.641417ms)
✔ narrative layer: no model id anywhere in R71 code, and it skips loudly without its env (88.872583ms)
✔ picks right/wrong/tbd: only FINAL grades; a zero-final week still gets its block (129.969833ms)
✔ pipeline week: current_week rule, +1 once underway, predictions week as a floor (107.346667ms)
✔ parlay buckets: every bucket from a real leg pattern; result <-> bucket consistent (90.472208ms)
✔ players_season tallies every week block; dnp is a graded row reporting null (77.112042ms)
✔ learning lock (fixture): receipts from the lock files, newest in-season pass, consumed_all (91.920208ms)
✔ learning lock (committed data): graded_locks_total derived from data/snapshots, never pinned (5.349458ms)
✔ data/review.json: schema, JSON convention, week blocks through the pipeline week, buckets on every row (76.290125ms)
✔ overview: right / wrong / tbd / Brier from summary.picks; TBD-only week; null Brier omitted (3.790917ms)
✔ overview: an R71-shaped week falls back to the R71 strip unchanged (1.487583ms)
✔ learning line: refit on file names n, verdict and date; null refit says pending with the note (2.382416ms)
✔ learning line: the document block is the fallback; adoption only when the block shows it (3.348375ms)
✔ buckets: label map, counts read from summary only, per-row bucket map (3.364917ms)
✔ season tally: "3 MET · 1 OVER · 1 UNDER" from players_season; zeros omitted; nothing graded -> none (2.96875ms)
✔ REVIEW comparator: delta descending, null last either way, nulls equal (stable) (4.524208ms)
✔ readers: graded weeks, per-week delta / verdict, selected-week chip (2.368792ms)
✔ players view: the REVIEW state / filter / controls live in the lazy module; the chip is gated (3.933875ms)
✔ app layer: lazy imports only, loadJson only, R72 CSS is .rv-* and HIG-scoped, no model ids (10.131667ms)
✔ archive: first sight creates, same as-of is byte-identical, reprice refreshes, close freezes (407.696291ms)
✔ archive pure core: closed only when the week has rows and every one is FINAL; index sorted by week (49.634708ms)
✔ stake_100: all_hit product, push drop-out, loss, pending excluded, assumed -110 prop, vig cap (40.006625ms)
✔ committed archive: the open week mirrors data/parlays.json, index consistent, contracts green (37.243125ms)
✔ committed review.json: week 1 stake_100.week.n == scope=week parlays, staked == 100 * graded, both scopes typed (2.2785ms)
✔ build_parlay_archive / build_review / validate_data selftests and the validator exit 0 (1276.996625ms)
✔ validate_data.py registers the archive directory and the index as optional (0.678ms)
✔ week list: index weeks + the current week, ascending, de-duplicated, current flagged (1.265833ms)
✔ default week: parlays.json wins over a stale index current_week; index is the fallback only (0.133959ms)
✔ P&L line: hit/graded (pending excluded), money at $100 flat with the fair figure, -110 note only when assumed (4.47575ms)
✔ archive path: getParlayArchive normalises index paths to the site root and refuses anything outside /data/parlays/ (4.453292ms)
✔ fixtures carry the R73 contract: index rows, the archive document, stake_100 per scope (1.083292ms)
✔ app layer: index in the mount allSettled, archive only on tap via data.js, CSS placement, legend, no model ids (2.893958ms)
✔ the builder refuses to pair a moneyline with its own spread (33.018541ms)
✔ a real slate rebuilt through the builder carries no stacked side (1.21275ms)
✔ every archived week obeys the rule from here on (2.884166ms)
✔ parlay_money settles one parlay and potential_return quotes one (53.839542ms)
✔ every committed parlay row carries money of a declared kind (0.269083ms)
✔ the settled cards of a scope sum to that scope’s $100 footer (0.12775ms)
✔ parlayMoneyMap reads the rows and prices nothing (3.633375ms)
✔ renderPay labels a quote and a result differently (0.471792ms)
✔ tierSeg offers only the tiers present, strongest first (0.231125ms)
✔ sortSeg defaults to SLATE and hides the $100 chip until money is readable (0.17925ms)
✔ every committed parlay carries a tier to filter and an EV to sort (0.255875ms)
✔ the pool has its OWN calibration; the slate keeps its own (3.262916ms)
✔ the pool builder never writes the slate or its calibration (0.653959ms)
✔ every shipped rung sits inside the fitted support (2.774958ms)
✔ a player with no in-support rung is absent and counted, never invented (0.84425ms)
✔ a longer line is never more likely than a shorter one (2.500917ms)
✔ no market number reaches a prop probability (1.805375ms)
✔ game legs are verbatim copies of the shipped slate, de-duped (1.588875ms)
✔ the pool calibration cleared its gate on the committed corpus (0.751875ms)
✔ the gate refuses noise, a tie and a well-calibrated coin flip (485.433375ms)
✔ both Python cores selftest clean (712.006333ms)
✔ every card contains a seed, one leg per player, and obeys R74 (2.513083ms)
✔ a team seed pulls in its players, not just its game legs (0.147667ms)
✔ conviction falls as legs are added — a longer card is never more likely (0.945916ms)
✔ the beam matches exhaustive enumeration on a pool small enough to enumerate (1.216291ms)
✔ an unpriceable seed returns nothing rather than inventing a card (0.400584ms)
✔ the $100 figure is the payout at the prices shown, and props are flagged (0.06925ms)
✔ the why-line states numbers, never adjectives (0.372875ms)
✔ the committed pool builds real cards for a real player (36.318333ms)
✔ the JS combination maths match the Python on every randomised case (37.676125ms)
✔ the ported constants are the builder's, not a copy that drifted (0.586708ms)
✔ R74 holds in the browser: a card may not stack a team's ML and its spread (0.233458ms)
✔ an unpriced leg can never claim a positive single-leg edge (0.117042ms)
✔ the implied side is always the independence product, correlated or not (0.137042ms)
✔ R77: weekValue keeps its shape and attaches `gate` only to its own week (1.280584ms)
✔ R77: a status gate names the status, and the number stays 0.0 (0.498208ms)
✔ R77: a depth gate names the rung, and a chartless QB says NOT STARTING (0.170959ms)
✔ R77: a PROMOTED backup keeps MATCHUP and appends · STARTS (0.093042ms)
✔ R77: MATCHUP / BYE / NO WEEKLY ROW are untouched and carry no title (0.121084ms)
✔ R77: QUESTIONABLE is NOT gated — he keeps his points and his MATCHUP (0.053208ms)
✔ R77: gateTag is pure and claims nothing it cannot back (0.071417ms)
✔ R77: PARLAYS prices a QUESTIONABLE prop and labels it with a Q chip (0.158125ms)
✔ R77: MY PARLAYS carries availability from the pool row onto the leg (0.173167ms)
✔ R77: MY PARLAYS renders the same Q chip, and only for a Q leg (0.473084ms)
✔ R77: NOT_PLAYABLE is exactly D/OUT/IR/PUP/NFI/SUSP; Q and unknown stay playable (29.888208ms)
✔ R77: gate_week zeroes exactly that week, drops the total by its share, and is a no-op on a bye / inside a season block / when None (40.548208ms)
✔ R77: OUT / DOUBTFUL / IR / SUSP zero this week and say why; Q keeps its points; the QB chart gates the backups (31.105333ms)
✔ R77: QB1 out -> QB2 promoted (playable, stated), QB3 still gated by the new starter (31.843417ms)
✔ R77: no gate on a bye, none for a FINAL team, none without this_week; co-listed starters and an unlisted QB (39.26925ms)
✔ R77: points_lost is the ungated split minus the gated one, and the factor counters are not double-counted (27.977375ms)
✔ R77: build_props_by_game skips a gated player, takes the next playable one, names the player and labels Q (29.080917ms)
✔ R77: build_leg_pool.prop_legs counts not_playable and carries no leg for a sitter; Q players are labelled (49.10175ms)
✔ R77: a gated document round-trips through check_weekly_availability + the schema, and each drift is caught (57.612958ms)
✔ R77: check_no_unplayable_legs reds a sitter on the slate or in the pool, an unnamed prop leg and a silent Q; passes clean (57.294041ms)
✔ sha256Hex matches the known SHA-256 of "abc" (3.718042ms)
✔ isModelUnlocked is true only for the exact stored digest (0.151958ms)
✔ isModelUnlocked reads wrong / missing / throwing storage as LOCKED (0.07325ms)
✔ renderLockCard paints the MODEL header, one card, and the passphrase form (0.073333ms)
✔ the locked view carries no dashboard content and no alert without a message (0.065ms)
✔ renderLockCard renders the alert div only when a message is given (0.054959ms)
✔ app/views/model.js carries the digest, never the passphrase (11.454375ms)
✔ mountModel gates before it fetches, and stays locked without crypto.subtle (0.1495ms)
✔ playoffsCard renders the as-of line from updated_utc and sims (10.563083ms)
✔ an artifact with no updated_utc says so instead of inventing a time (0.365458ms)
✔ an empty market column says the feed was empty, per column (0.461458ms)
✔ the empty-feed sentences live inside the existing .m-explain line (0.185958ms)
✔ app/theme.css styles the lock form and the as-of line with tokens only (0.704625ms)
✔ R79: parse_game_roster keeps didNotPlay entries only, by ESPN athlete id, sorted, never guessed (88.674625ms)
✔ R79: the inactives window opens at kickoff-3h, stays open while the game plays, and closes at FINAL (160.159458ms)
✔ R79: _inactives_doc writes one entry per game in the window, records a failed fetch, and is None outside the window (150.731333ms)
✔ R79: the posted list gates first (any position, no report needed), QB1 inactive promotes QB2, and the file is stated in the summary (99.804833ms)
✔ R79: no list -> R77 behaviour; a FINAL team, a bye, and a team mismatch are never gated by the list (86.708125ms)
✔ R79: a gated document round-trips through the validator + both contracts; the inactive orphan, a silent inactive and a count drift are caught (146.075125ms)
✔ R79: pipeline health accepts the inactives feed at rows 0 / ok WITH its note (the first R79 pipeline run failed here) (136.870292ms)
✔ R79: the PLAYERS headline reads WK n · INACTIVE with a spelled-out title (0.14225ms)
✔ every variant re-prices the same resolved legs, and its skips are counted (57.855167ms)
✔ the paired comparison uses the baseline on EXACTLY the legs the variant priced (0.505625ms)
✔ seed / pool / margin / shrink produce the expected numbers on a fixture (65.5845ms)
✔ the bootstrap calls better / worse / same on synthetic outcomes (936.354834ms)
✔ an archived parlay recomputed leg-for-leg reproduces the builder’s own EV (45.121041ms)
✔ the selection rules count what they name, and an empty selection has no ROI (29.31325ms)
✔ a 0-resolved-week document validates against the contract with nulls, never zeros (31.429417ms)
✔ the script reproduces the committed document and it validates against the contract (368.019583ms)
✔ the committed record is honest about what it measured (0.383625ms)
✔ the lab writes exactly one file — its own output — and has no gate (0.549417ms)
✔ no variant function can see a book price (26.58125ms)
✔ the replay lab is wired into the pipeline and the smoke gate (0.28675ms)
✔ the Python core selftests clean (584.263666ms)
✔ renderCard puts leg--annot on every leg, so the why-line gets its own line (1.170084ms)
✔ every leg still renders its name, odds and why-line, in that order (0.630583ms)
✔ mySubText is exactly "MY PARLAYS · POOL WK n" (0.082458ms)
✔ mySubText never claims MODEL EV, a WEEK, or an ARCHIVED state (0.099417ms)
✔ a missing week degrades to the label, never to "null" or "undefined" (0.123292ms)
✔ the R71 review strip is in the list of chrome MY mode hides (0.457333ms)
✔ leaving MY mode restores the slate subtitle through the same archived test (0.376667ms)
✔ MY leg names wrap instead of ellipsizing, at every width (0.264875ms)
✔ the SLATE keeps its own ellipsized leg name — R82 is scoped to MY (0.160458ms)
✔ the MY grid uses a 360px minimum column at BOTH desktop breakpoints (0.48325ms)
✔ the SLATE grid keeps its own 320/300px columns (0.345458ms)
✔ MY cards stretch to their row and anchor the foot to the card bottom (0.2285ms)
✔ the EV cell is pinned to one line so the foot can never wrap again (0.111125ms)
✔ theme-hig.css does not override the declarations R82 relies on (1.266417ms)
✔ player projections carry a real league-sized pool (>=150 players) (0.329375ms)
✔ every projection row is well-formed and internally consistent (0.824709ms)
✔ projections are sorted best-first (stable presentation contract) (0.110708ms)
✔ day-zero honesty: no player signal claims weight it has not earned (1.005333ms)
✔ an opening game lock exists for the current slate week (0.357042ms)
✔ every snapshot row is an honest, measurable, unresolved-or-scored lock (0.688833ms)
✔ rel18: thirteen families are registered, and referee is not one of them (2.061416ms)
✔ rel18: referee never appears in any archived families[] (2.633792ms)
✔ rel18: divisional trials a signed 6 x 5 grid — 30 trials, none degenerate (44.055084ms)
✔ rel18: scheme_matchup ships with its application path DARK (49.763417ms)
✔ rel18: only divisional joins APPLIABLE; the other four are measured-only (0.3285ms)
✔ rel18: a real Rel18 gate entry carries all thirteen families and its budget (0.99475ms)
✔ defense_composite: full-or-named-skip teams, weight-0 pinned, composites centered (0.587042ms)
✔ adp: sorted market board, join rate recorded, no fabricated ids (0.83025ms)
✔ signal promotion: the original Rel6 run stays archived, honestly retained (2.521375ms)
✔ family gate: newest v2 entry covers all four candidate families (3.438334ms)
✔ family gate: verdict is consistent with the NEVER-REGRESS margin (1.92725ms)
✔ family gate: calibration bins partition the eval games honestly (1.088375ms)
✔ epa_history (when the runner has built it): league totals balance (3.449375ms)
✔ remaining weeks exclude byes and past weeks (1.4285ms)
✔ rosPoints sums remaining non-bye projections (0.154541ms)
✔ nextBye finds the upcoming bye week or null (0.106542ms)
✔ zero-weight SoS/availability reproduces the raw sum EXACTLY (never-regress default) (0.146083ms)
✔ rosRange returns a floor<=median<=ceil band, nulls when no games left (0.797375ms)
✔ replacementLevel + VOR at a position cutoff (0.093083ms)
✔ rankByRos orders by within-position VOR, carries games/bye/z (0.162291ms)
✔ engine self-check passes (0.07825ms)
✔ app/ros.js imports NO market / price / odds source (independent-of-Vegas rule) (0.531291ms)
✔ rosterGeometry(): no shape reproduces the frozen slots, caps and demand (1.799917ms)
✔ rosterGeometry(): the DEFAULT profile and the default rosterShape agree with it (1.524083ms)
✔ slotEligible(): the DEFAULT profile answers exactly like the no-shape path (0.125666ms)
✔ replacementLevel(): no shape keeps the per-roster, winner-takes-all FLEX rule (0.294208ms)
✔ caps: a 2-QB league caps QB at 3; the default league still caps it at 2 (2.032584ms)
✔ positionAtCap(): 2 rostered QBs block a third only in a 1-QB league (0.393708ms)
✔ recommend(): a 2-QB league proposes a third QB for the bench; the default never does (1.659541ms)
✔ bestPickNow(): a 2-QB league still ranks QBs once two are rostered (2.104375ms)
✔ opponentNeeds(): the simulated room drafts a third QB in a 2-QB league (0.215792ms)
✔ a 9-starter K+DEF league keeps all 15 slots and its K/DEF eligibility (0.934375ms)
✔ neediestOpenSlot(): an open K1 is a real open STARTER, not a bench slot (0.259709ms)
✔ fitScore(): a starter in QB2 counts as a starter (the frozen 13 slots missed it) (0.133334ms)
✔ superflex: QB is a flex position, so the cap and the demand both rise (0.52075ms)
✔ startersTotal(): a superflex is won by a QB; the classic FLEX still is not (0.139667ms)
✔ opponentNeeds(): a superflex room treats QB as flexible (0.027666ms)
✔ replacementIndex(): league-wide rank = round(demand x teams) - 1, floored at 0 (0.029084ms)
✔ positionDemand(): the classic FLEX spreads {RB .45, WR .45, TE .10} (0.074458ms)
✔ replacementLevel(): with a shape the FLEX is SHARED, not winner-takes-all (2.006834ms)
✔ replacementLevel(): team count moves VOR once a shape is supplied (2.996667ms)
✔ replacementLevel(): a pool shallower than the league-wide index clamps (0.894625ms)
✔ the fit engine and the auction engine agree on WHO the replacement player is (4.315666ms)
✔ meta.json weights carry the registry's signals — same SET and same ORDER (QA-D5-AC1/AC2) (0.574959ms)
✔ every registry signal is at exactly 0.0 in meta.json (day-zero rule) (0.082333ms)
✔ the registry's stated shape holds at the source: 19/10/3 grouping, exact key-set (QA-D5-AC5) (0.082208ms)
✔ docs/SIGNAL_REGISTRY.md's name table matches the registry (QA-D5-AC4) (2.459709ms)
✔ scripts/validate_data.py no longer carries a pasted signal mirror (QA-D5-AC3) (0.607583ms)
✔ fixture parses and is a Sleeper league payload (1.983791ms)
✔ fixture is real-league sized: 145 scoring keys, 52 settings, 19 roster slots (0.110208ms)
✔ fixture carries every stat key this app computes (0.282417ms)
✔ fixture exercises the hard cases: SUPER_FLEX, IDP slot, IR slot, keeper league (0.058959ms)
✔ SYNC_MODE is manual (0.039292ms)
✔ the module contains no polling primitive of any kind (0.349458ms)
✔ the abort timer is never unref'd — an unref'd timer is no timeout at all (0.106459ms)
✔ the module never reads market data (0.560334ms)
✔ SCORING_ALIASES is deliberately empty and frozen (0.122084ms)
✔ every SLEEPER_SLOT_MAP target is a token app/league.js accepts (0.154ms)
✔ the four mappable Sleeper flex tokens are all present (0.095584ms)
✔ RB_TE_FLEX is app-only and can never be produced by an import (0.062083ms)
✔ unsupported slot tokens do not overlap the mappable ones (0.084875ms)
✔ IMPORT_TIERS ships all three routes in order (0.149208ms)
✔ IGNORED_SETTING_KEYS has no duplicates (0.057208ms)
✔ SLEEPER_LEAGUE_TYPES covers redraft/keeper/dynasty (0.07725ms)
✔ parseLeagueId accepts a bare id (0.150042ms)
✔ parseLeagueId accepts a safe integer id (0.045333ms)
✔ parseLeagueId REFUSES a number too big to survive float64 (0.042375ms)
✔ parseLeagueId accepts a sleeper.com league URL (0.0925ms)
✔ parseLeagueId accepts the API URL itself (0.0365ms)
✔ parseLeagueId accepts a league_id query parameter (0.05375ms)
✔ parseLeagueId refuses to guess (0.172166ms)
✔ leagueEndpoint builds the documented URL (0.045083ms)
✔ leagueEndpoint escapes anything odd rather than injecting it (0.022375ms)
✔ mapScoring buckets the fixture: 35 mapped, 41 carried, 69 zeroed, 0 invalid (0.154708ms)
✔ mapScoring loses nothing: the buckets partition every input key exactly once (0.162166ms)
✔ mapScoring maps every app stat key with its exact league value (0.282583ms)
✔ a KNOWN stat worth zero is kept — "this league scores 0 for X" is information (0.152792ms)
✔ an UNKNOWN stat worth points is carried into the table and flagged (0.518125ms)
✔ an UNKNOWN stat worth zero is omitted but named (0.365416ms)
✔ mapScoring never coerces a non-number into a value the user did not set (0.111167ms)
✔ mapScoring accepts a numeric string, because Sleeper has shipped them (1.666084ms)
✔ mapScoring on a non-object is unusable, not a throw (0.11525ms)
✔ mapRosterPositions maps the fixture roster and drops the IDP slot loudly (0.4015ms)
✔ mapRosterPositions puts every BN at the end (0.090667ms)
✔ mapRosterPositions is case-insensitive (0.055208ms)
✔ IR and TAXI are counted out, never folded into the bench (0.052708ms)
✔ an unrecognised token is reported, never passed through (0.077333ms)
✔ a roster with no importable starter is unusable (0.050417ms)
✔ mapRosterPositions on a non-array is unusable, not a throw (0.05875ms)
✔ mapSettings reads the fixture scalars (0.435416ms)
✔ mapSettings maps position_limit_* onto caps and reports the ones it cannot (0.175334ms)
✔ every mapped cap position is a real app position (0.103708ms)
✔ a negative position_limit means UNCAPPED, not a cap of -1 (0.086792ms)
✔ no position limits removes the app default caps and says so (0.070375ms)
✔ team count falls back to total_rosters and reports the fallback (0.054083ms)
✔ a payload with no league size sets nothing and warns (0.051166ms)
✔ missing draft_rounds is reported, not invented (0.050167ms)
✔ playoff_week_start 0 means auto and is not written as week 0 (0.058333ms)
✔ a redraft league with Sleeper max_keepers 1 does NOT get keepers (0.059875ms)
✔ a dynasty league gets keepers (0.046459ms)
✔ with no "type" the keeper toggle is INFERRED and always says so (0.067375ms)
✔ the keeper reading is reported on every import (0.104459ms)
✔ known-but-unused settings are "ignored"; genuinely new ones are "unmapped" (0.057416ms)
✔ the fixture leaves nothing genuinely unrecognised (0.079375ms)
✔ mapSettings on a non-object still returns a usable result (0.06775ms)
✔ the fixture imports into the exact expected profile shape (2.192375ms)
✔ flex eligibility is derived from the tokens actually used (0.55825ms)
✔ the imported profile produces the roster slots the app will draft into (0.623375ms)
✔ the imported scoring table is the league table, not the PPR default (0.27925ms)
✔ the imported profile passes app/league.js validation with no blocking errors (0.30775ms)
✔ the imported profile is already normalised (normalizeProfile is a no-op on it) (0.277709ms)
✔ report.league carries the league identity verbatim (0.182084ms)
✔ dropping the IDP slot and excluding IR are both reported (0.209208ms)
✔ a settings/roster disagreement about IR count is surfaced (0.165042ms)
✔ a league with no name falls back to the default name (0.145917ms)
✔ an unusable scoring table falls back to PPR and says so loudly (0.143625ms)
✔ an all-IDP roster fails rather than importing a fake one (0.215542ms)
✔ non-league JSON is rejected with an actionable message (0.077208ms)
✔ sleeperToProfile never throws on hostile input (0.713417ms)
✔ an oversized roster is clamped by league.js rather than accepted (0.386667ms)
✔ tier 2 accepts a pasted JSON string (0.397542ms)
✔ tier 2 accepts an already-parsed object (0.433375ms)
✔ tier 2 tolerates surrounding whitespace (0.293833ms)
✔ tier 2 reports an empty paste and points at tier 3 (0.095333ms)
✔ tier 2 reports malformed JSON (0.076333ms)
✔ tier 2 rejects a pasted "null" as not-a-league (0.082167ms)
✔ tier 3 returns exactly the app default profile (0.1485ms)
✔ tier 3 hands back a MUTABLE copy — the frozen default is never exposed (0.051792ms)
✔ tier 3 says plainly that nothing was imported (0.093042ms)
✔ fetchSleeperLeague issues a SIMPLE, uncredentialed, aborted-on-timeout GET (0.282875ms)
✔ fetchSleeperLeague accepts a league URL, not just an id (0.065ms)
✔ a bad league id never reaches the network (0.024958ms)
✔ HTTP 404 is reported as a missing league (0.043667ms)
✔ HTTP 200 with a literal null body is also a missing league (0.045834ms)
✔ HTTP 429 is reported as rate limiting (0.0315ms)
✔ any other non-2xx is reported with its status (0.029959ms)
✔ a non-JSON body is reported as bad JSON, with a snippet (0.0395ms)
✔ a rejected fetch is reported as a network failure, not a crash (0.159166ms)
✔ a response object that is not a response is reported, not destructured blindly (0.122917ms)
✔ a hung fetch is aborted by the timeout and reported as a timeout (19.840667ms)
✔ the default timeout is 12 seconds (0.084791ms)
✔ an externally aborted import reports cancellation, not a timeout (0.167917ms)
✔ no fetch in the environment points the user at tier 2 (0.051417ms)
✔ importFromSleeper fetches then maps (0.333417ms)
✔ a failed tier-1 import hands the user tier 2 (0.047167ms)
✔ unresolvedItems surfaces every unmapped thing from the fixture (0.428708ms)
✔ unresolvedItems names the specific things a user would ask about (0.238667ms)
✔ a carried K or D/ST rule is reported as APPLIED, not as doing nothing (R28) (0.311208ms)
✔ a genuinely unknown setting surfaces as an item (0.195833ms)
✔ unresolvedItems is total (0.032083ms)
✔ summarizeImport describes a successful import without overclaiming (0.182958ms)
✔ summarizeImport claims a clean import only when there is nothing left over (0.087625ms)
✔ summarizeImport on a failure leads with the error and the next tier (0.037334ms)
✔ summarizeImport is total (0.064ms)
✔ roster fixture is a full 12-team league with real roster geometry (0.074291ms)
✔ roster fixture carries both orphan cases and the user fixture the third (0.069416ms)
✔ matchup fixture is one line per team, paired two to a matchup_id (0.09475ms)
✔ player dump fixture keys team defences by abbreviation, as Sleeper does (0.336166ms)
✔ app player fixture uses BOTH id field names this repo actually ships (0.090125ms)
✔ the three new endpoints are the documented Sleeper URLs (0.033542ms)
✔ endpoint builders escape rather than inject (0.017333ms)
✔ parseWeek takes whole weeks in range and refuses everything else (0.058125ms)
✔ fetchSleeper rosters issues the same SIMPLE uncredentialed GET as the league read (0.073959ms)
✔ fetchSleeper rosters reports 404 as a missing resource, not a crash (0.044959ms)
✔ fetchSleeper rosters treats a literal null body as missing (0.034ms)
✔ fetchSleeper rosters aborts a hung fetch on the timeout (21.300167ms)
✔ fetchSleeper rosters never reaches the network with a bad league id (0.176667ms)
✔ fetchSleeper users issues the same SIMPLE uncredentialed GET as the league read (0.1495ms)
✔ fetchSleeper users reports 404 as a missing resource, not a crash (0.047834ms)
✔ fetchSleeper users treats a literal null body as missing (0.042041ms)
✔ fetchSleeper users aborts a hung fetch on the timeout (21.741292ms)
✔ fetchSleeper users never reaches the network with a bad league id (0.09ms)
✔ fetchSleeper matchups issues the same SIMPLE uncredentialed GET as the league read (0.690208ms)
✔ fetchSleeper matchups reports 404 as a missing resource, not a crash (0.066833ms)
✔ fetchSleeper matchups treats a literal null body as missing (0.046625ms)
✔ fetchSleeper matchups aborts a hung fetch on the timeout (20.840959ms)
✔ fetchSleeper matchups never reaches the network with a bad league id (0.149084ms)
✔ a roster failure talks about roster JSON, not league JSON (0.358666ms)
✔ a bad week never reaches the network (0.067833ms)
✔ the league read still reports 404 exactly as it always did (0.057625ms)
✔ mapRosters reads all 12 teams (0.660625ms)
✔ mapRosters keeps player ids as STRINGS — an 18-digit id is not a number (0.243458ms)
✔ mapRosters turns Sleeper nulls into absence, never into a claim (0.164875ms)
✔ mapRosters reads the record and rebuilds Sleeper split-decimal points (0.18ms)
✔ mapRosters counts empty starting slots instead of pretending "0" is a player (0.072042ms)
✔ mapRosters reports a roster it cannot identify rather than renumbering it (0.07925ms)
✔ mapRosters reports a player id it cannot use rather than dropping it silently (0.09625ms)
✔ mapRosters on a non-array is an error, not a throw (0.065458ms)
✔ mapRosters on an empty array says so (0.0375ms)
✔ mapLeagueUsers reads every manager and their team name (0.215208ms)
✔ a manager who never named their team gets null, not a made-up name (0.074ms)
✔ mapLeagueUsers reports a user it cannot key (0.063ms)
✔ mapLeagueUsers on a non-array is an error, not a throw (0.075667ms)
✔ joinRosters labels every team with something a human can point at (0.25425ms)
✔ an unmatched roster keeps its number and is REPORTED, never given a name (0.283875ms)
✔ a manager with no roster is reported too — the join loses nobody (0.329792ms)
✔ joinRosters carries the roster contents through untouched (0.284417ms)
✔ joinRosters is total (0.093875ms)
✔ ownerChoices is the picker the UI must show (0.297125ms)
✔ findTeam matches a team name, a handle or a roster number EXACTLY (0.339083ms)
✔ findTeam refuses a near miss instead of picking the closest team (0.206083ms)
✔ findTeam refuses an ambiguous name rather than flipping a coin (0.068708ms)
✔ findTeam is total (0.060375ms)
✔ mapMatchups reads one line per team and echoes the week (0.579125ms)
✔ starter points are paired POSITIONALLY with the slot-ordered starters (0.3185ms)
✔ a length mismatch is reported and NOTHING is shifted onto the wrong player (0.090083ms)
✔ an empty starting slot is marked empty, never scored as a player (0.056708ms)
✔ players_points keeps only numbers, and keys stay strings (0.065083ms)
✔ matchupForRoster finds one team's line (0.299542ms)
✔ matchupPairs groups the week head-to-head (0.3875ms)
✔ a bye, an unscheduled team and an impossible group are named, not hidden (0.094583ms)
✔ mapMatchups on a non-array is an error; on [] it says the week is unplayed (0.07775ms)
✔ mapMatchups reports a bad week as a null week rather than inventing one (0.642291ms)
✔ normalizePlayerName reduces a name to what two sources can agree on (0.413ms)
✔ normalizePlayerName never reduces a name to nothing but a suffix (0.107959ms)
✔ every team alias points at a real app team and is not already one (0.091708ms)
✔ CROSSWALK_METHODS and CROSSWALK_CODES are frozen and exhaustive (13.764542ms)
✔ unsupported player positions are stated as reasons, not as codes (0.118417ms)
✔ buildSleeperPlayerIndex reads the whole dump (0.764208ms)
✔ the index normalises the fields the crosswalk depends on (0.875416ms)
✔ the index reports entries it cannot use instead of dropping them (0.107792ms)
✔ buildSleeperPlayerIndex on a non-object is an error, not a throw (0.10325ms)
✔ the crosswalk accounts for EVERY input id — nothing is dropped (4.058667ms)
✔ roster 1 resolves through all four id paths the fixture exercises (0.337333ms)
✔ a resolved row names a player this app really has, with that app id (0.494917ms)
✔ espn_id is the strongest path: Sleeper espn_id -> this app's espn-<id> (0.213958ms)
✔ a kicker resolves on gsis_id, which IS this app's kicker id (0.209458ms)
✔ a team defence resolves from the bare abbreviation, with no player list at all (0.484458ms)
✔ a historical team abbreviation is a rename, not a guess (0.035959ms)
✔ a dump entry with no espn_id still resolves on name + team + position (0.25525ms)
✔ a player who changed team resolves on name + position, when it is unique (0.054625ms)
✔ two players with one name are AMBIGUOUS and neither is picked (0.058542ms)
✔ two players with one name on the SAME team are ambiguous too (0.032542ms)
✔ a suffix collision costs a report, never a wrong player (0.02775ms)
✔ an individual defender is unresolvable and says exactly why (0.2305ms)
✔ a real player this app has no projection for is reported, not dropped (0.231042ms)
✔ an id the player list has never heard of is reported as exactly that (0.211084ms)
✔ with NO player list nothing but a team defence resolves, and it says why (0.372459ms)
✔ the crosswalk takes a raw dump as readily as a built index (0.693291ms)
✔ an empty starting slot is not a failed match — it is an empty slot (0.195083ms)
✔ a junk id is reported, never looked up (0.196208ms)
✔ crosswalkPlayerIds is total (0.031417ms)
✔ the crosswalk never reads a Sleeper id as a number (0.027875ms)
✔ crosswalkRoster splits starters, bench and reserve and merges the misses (0.527292ms)
✔ crosswalkRoster de-duplicates the misses a starter and the roster share (0.87725ms)
✔ a fully understood roster says so (0.4575ms)
✔ crosswalkRoster is total (2.260083ms)
✔ importSleeperTeams reads rosters then users and joins them (0.176417ms)
✔ importSleeperTeams still returns teams when the manager read fails (0.082875ms)
✔ importSleeperTeams fails when the rosters cannot be read (0.041041ms)
✔ importSleeperTeams never reaches the network with a bad id (0.02875ms)
✔ a position the caller's player set does not cover is its own report (0.495417ms)
✔ a missing player and a missing POSITION are never the same report (0.359833ms)
✔ archived game_predictions.<ts>.json routes to the game_predictions schema (41.402625ms)
✔ point-in-time lock files route to the snapshot (lock array) schema (25.636042ms)
✔ a game_predictions-shaped DICT validates under the routed schema (the cron case) (31.485875ms)
✔ no user-facing file repeats a claim the app has retired (10.876875ms)
✔ a draftable position is NEVER reported as one the simulator will not draft (1.403584ms)
✔ the draftable-position list and the roster counters agree (1.019542ms)
✔ an unfed scoring rule says WHICH projection it does not feed (0.570333ms)
✔ kdst partial scoring is still declared, not quietly dropped (0.294416ms)
✔ every view that converts season points stamps the league extras first (0.921208ms)
✔ a view that stamps the league extras also READS them (1.240583ms)
✔ every surface that prints season points converts them by MODE (1.459292ms)
✔ there is exactly ONE season-points conversion in the app (5.55025ms)
✔ DEFAULT profile -> draft config -> profile is byte-for-byte the default (2.291209ms)
✔ the default config reproduces app/draft-sim.js DEFAULT_ROSTER counts (0.303458ms)
✔ the round trip is idempotent (saving twice changes nothing) (0.51ms)
✔ K / DEF / DST survive the round trip — SEATED now, not carried (R27) (0.362834ms)
✔ a DST league is written back as DST, not silently rewritten to DEF (R27) (0.293875ms)
✔ DRAFTABLE_TOKENS names exactly the positions the simulator prices (0.097416ms)
✔ counts outside ROSTER_BOUNDS are clamped AND reported (0.271541ms)
✔ profileFromCfg keeps everything the simulator has no opinion about (0.297833ms)
✔ every FLEX option round-trips with its own eligibility (0.998541ms)
✔ RB_TE_FLEX is never rewritten to FLEX (0.343583ms)
✔ an unknown flex token falls back to FLEX rather than inventing a slot (0.264958ms)
✔ zero flex slots leaves the eligibility map empty (0.756917ms)
✔ FLEX + SUPER_FLEX (superflex) survives the round trip byte-for-byte (0.44425ms)
✔ SUPER_FLEX + FLEX (reverse order) survives the round trip byte-for-byte (0.3575ms)
✔ FLEX + REC_FLEX survives the round trip byte-for-byte (0.319542ms)
✔ two FLEX + one SUPER_FLEX survives the round trip byte-for-byte (0.298208ms)
✔ a superflex profile still starts ~2 QBs after a trip through the panel (0.262ms)
✔ the UNSAVED warning compares only what the grid can express (3.239875ms)
✔ leagueDirty round-trips BOTH sides of the comparison (0.181084ms)
✔ a carried flex slot is not described as undraftable (0.138042ms)
✔ flexLabel speaks the app idiom and flags the app-only slot (0.075583ms)
✔ the selector offers exactly the five documented flex options (0.262792ms)
✔ keepers off forces max_keepers to 0 no matter what the field says (0.169917ms)
✔ keepers on persists the max and survives the round trip (0.167333ms)
✔ max keepers can never exceed the draft rounds it would consume (0.143833ms)
✔ importSummaryRows reports teams, starters, bench, scoring keys, reception (0.24625ms)
✔ receptionLabel names the mode and the value it read (0.288083ms)
✔ a pasted Sleeper league flows all the way into the panel summary (3.469042ms)
✔ the real Sleeper fixture round-trips without losing a slot (1.385791ms)
✔ the league-settings panel never reads market prices into the profile (0.292916ms)
✔ the Team view never imports the signal gate or the refit pipeline (0.551ms)
✔ the panel writes exactly two storage keys: the league profile and scoring (0.221291ms)
✔ an imported draft_rounds survives a round trip through the panel (0.972166ms)
✔ a draft_rounds that was tracking the roster keeps tracking it (0.228958ms)
✔ an explicit draft_rounds the panel CANNOT keep is reported, not swapped in (0.747208ms)
✔ the SAVE status prints the rounds override it just made (0.13225ms)
✔ the Sleeper league-id placeholder cannot be mistaken for a value (0.420625ms)
✔ the measured-calibration headline is followed by the survivorship caveat (0.192042ms)
✔ scoringAdjust: ppr 300 with 100 receptions -> half 250, std 200 (exact) (0.411542ms)
✔ scoringAdjust: zero receptions makes every mode identical (0.058959ms)
✔ slotEligible truth table: FLEX takes RB/WR/TE (not QB); BN takes any modeled (0.159833ms)
✔ byeWeek: detects the bye week; null when no week is a bye (0.068125ms)
✔ weeklyPoints: 18 floats scaled by seasonAdj/seasonPpr; bye stays 0 (0.102125ms)
✔ teamWeeklyTotals: 18 summed starter floats, byes drop to the other starter (0.526625ms)
✔ fitScore via recommend: same-team QB+WR earns "Stacks with" and exactly +12 (1.321417ms)
✔ fitScore direct call: {score, reasons} shape with the stack reason (0.165333ms)
✔ candidate sharing a starter bye gets the clash reason and scores lower (0.278916ms)
✔ recommend is deterministic and excludes rostered ids (1.216833ms)
✔ recommend respects the scoring mode (std demotes a reception-heavy WR) (0.218167ms)
✔ v1 fitScore is byte-for-byte frozen on the fixed fixture (0.854ms)
✔ fitScoreV2 OFF path (ai absent / false / truthy-not-true) is byte-identical to v1 (0.497792ms)
✔ fitScoreV2 ON: bounded AI terms with measured-up trajectory reason string (0.322375ms)
✔ fitScoreV2 ON: declining <3-season player carries the AI-estimate provenance (0.1405ms)
✔ fitScoreV2 ON: a measured decline cites its measured source, not an AI estimate (0.12125ms)
✔ fitScoreV2 / recommendV2 are deterministic (two runs, identical bytes) (0.709916ms)
✔ recommendV2 re-ranks on AI trajectory where v1 ties (and v1 stays v1) (0.300833ms)
✔ POSITION_CAPS: QB capped at 2, DEF/DST/K at 1, RB/WR/TE uncapped (0.792167ms)
✔ rosteredCountByPos + positionAtCap: QB reaches cap at 2 rostered (0.350875ms)
✔ recommend excludes a 3rd QB for a bench slot once two QBs are rostered (1.205084ms)
✔ recommend still offers a QB when under the cap (one QB rostered) (0.456834ms)
✔ recommendV2 also enforces the QB cap (0.60525ms)
✔ recommend sort: 'available' orders by raw points, 'fit' by fit score (0.910125ms)
✔ strengthOfSchedule: harder opponents -> higher SoS, one decimal, [1,5] (0.3465ms)
✔ strengthOfSchedule: null when no ratings or no opponents (0.098125ms)
✔ trendLabel: up/down/flat with source + slope (0.163666ms)
✔ recommendV2 rows carry a numeric base score (base->AI delta source) (0.492708ms)
✔ data/team_strength.json: ~32 team Elo ratings, min<=max, real bounds (1.129792ms)
✔ the roster sync is MANUAL: no interval timer anywhere in the view (1.189541ms)
✔ this view fetches exactly one Sleeper document itself: the player dump (0.514875ms)
✔ starters come first, de-duplicated against the full roster list (1.8005ms)
✔ orderedRosterPlayers never throws on a shape it did not expect (0.099875ms)
✔ Sleeper's starters are seated in starting slots; the rest hit the bench (3.017583ms)
✔ every seated slot is a slot rosterSlots(profile) actually has (0.866708ms)
✔ a SUPERFLEX league seats the second QB in SUPER_FLEX, never a stand-in FLEX (0.976ms)
✔ a position cap leaves the extra player UNPLACED with the reason (0.57075ms)
✔ more players than slots leaves the overflow UNPLACED, never truncated (0.498375ms)
✔ a kicker and an IDP are surfaced by name with sleeper.js's own reason (0.269959ms)
✔ Sleeper's "0" empty-slot marker is filtered — it is not a missing player (0.368834ms)
✔ every crosswalked player is seated, unplaced, or reported — never vanished (1.228708ms)
✔ the plan names every player the overwrite would remove (1.106208ms)
✔ a kept player who changes slot is reported as moved, with where he came from (0.496667ms)
✔ an empty Sleeper roster plans an empty roster and says everything goes (0.233375ms)
✔ planRosterSync never throws on hostile input (0.202083ms)
✔ the summary lines state the removals and the unmatched, or say there are none (0.420209ms)
✔ the roster path ignores market fields entirely (0.4815ms)
✔ the market value cell never appears on a line that calls an engine (0.8545ms)
✔ the roster sync writes the roster key and the remembered team, nothing else (0.191125ms)
✔ a position the league does not roster AT ALL says so, not "taken" (2.037917ms)
✔ a position the league DOES roster still says "taken" when the slots are full (0.3945ms)
✔ a FLEX-eligible position is judged by the flex slot, not by a fixed slot (0.365959ms)
✔ STARTER_DEMAND contract: QB 1, RB 2, WR 2, TE 1, K 1, DEF 1 (R47) (1.171291ms)
✔ replacementLevel: (demand+1)th best; FLEX adds +1 to the best RB/WR/TE position (0.780834ms)
✔ replacementLevel: fewer than demand+1 available -> 0; unmodeled -> 0 (0.125708ms)
✔ vorScore: adjusted points minus own-position replacement level (0.202875ms)
✔ vorScore: honors the scoring mode via receptions_prior (0.154584ms)
✔ bestPickNow: top-3 by VOR desc with real reason sentences (1.754042ms)
✔ bestPickNow: excludes rostered players and replacement re-levels without them (0.282666ms)
✔ bestPickNow: a capped position (2 QBs rostered) is never proposed (0.225333ms)
✔ bestPickNow: respects a taken-filtered pool (re-ranks as players go) (0.370417ms)
✔ bestPickNow: scarcity reason fires when above-replacement supply <= 3 (0.426209ms)
✔ bestPickNow: no scarcity line when a position is deep above replacement (0.226375ms)
✔ bestPickNow: deterministic (two runs byte-identical) and pure (no pool mutation) (0.441375ms)
✔ bestPickNow: full roster -> no open slot -> empty strip (0.159125ms)
✔ grain: weekly-derived cuts, which the season-level usage file cannot express (2.655375ms)
✔ MULTIPLE cuts across MULTIPLE seasons, and the artifact records which (0.13275ms)
✔ cumulative correctness: counting stats monotone, player set only grows (9.165333ms)
✔ wopr is exactly its definition; shares and racr are consistent (4.415792ms)
✔ identity is stored once and every cut row resolves against it (3.436375ms)
✔ HONESTY: weight pinned to 0, limits intact, nothing claimed that was not measured (0.482333ms)
✔ reconciliation is MEASURED against nflverse own columns, not asserted (0.079333ms)
✔ MARKET_DISPLAY_ONLY: no market column reaches this artifact (10.612042ms)
✔ wiring: schema registered, file optional-until-built, selftest in the gate (1.040875ms)
✔ builder selftest passes on the committed fixture and writes nothing (35.217ms)
✔ builder is stdlib-only and imports no heavy dependency at module scope (26.927833ms)
✔ model meta is honest: ESTIMATE labeled, refit coefficients recorded (0.835875ms)
✔ players EXACTLY mirror player_projections.json (same ids, same order) (0.739959ms)
✔ every weeks array is length 18, wk 1..18 in order, well-typed at 2dp (2.84775ms)
✔ bye rows are zero-weeks (pts 0, opp null, bye true) — exactly one per player (0.619083ms)
✔ non-bye weekly points sum to the AVAILABILITY-ADJUSTED season projection (0.547916ms)
✔ byes and opponents agree with schedule_full (bye == no game that week) (2.228ms)
✔ the status -> multiplier prior is exactly the documented table (37.85175ms)
✔ multiplier hits ONLY the first 3 non-bye weeks; season total preserved to 1e-6 (28.80675ms)
✔ injury join: (team, normalized name) match, worst status wins, else ignored (26.943583ms)
✔ absent/empty injuries -> byte-identical document, no injury_shape meta (98.119833ms)
✔ applied injuries -> injury_shape meta, shaped early weeks, season total intact (64.278834ms)
ℹ tests 1685
ℹ suites 0
ℹ pass 1685
ℹ fail 0
ℹ cancelled 0
ℹ skipped 0
ℹ todo 0
ℹ duration_ms 6660.905625
GATE STEP 3 PASS: feature tests (incl. AA contrast)
==================================================================
GATE STEP 4: weekly split never-regress (R51)
  $ python3 scripts/backtest_weekly.py --gate
------------------------------------------------------------------
WEEKLY BACKTEST - walk-forward, weekly_split_v2 vs weekly_split_v1, seasons 2023-2024-2025, rows 8279
  pooled         v1 MAE 6.050 / rank_corr 0.369 / topk 0.778 | v2 MAE 6.003 / rank_corr 0.381 / topk 0.784
  held-out 2025  v1 MAE 6.111 / rank_corr 0.341 / topk 0.761 | v2 MAE 6.079 / rank_corr 0.352 / topk 0.769
  QB  v1 MAE 6.706 rank 0.243 | v2 MAE 6.701 rank 0.258
  RB  v1 MAE 5.932 rank 0.423 | v2 MAE 5.892 rank 0.429
  WR  v1 MAE 6.295 rank 0.401 | v2 MAE 6.223 rank 0.417
  TE  v1 MAE 5.099 rank 0.304 | v2 MAE 5.065 rank 0.314
  band v1 coverage 0.6714958348424483 half-width 7.186581928766369
  band v2 coverage 0.6606302064469395 half-width 7.099019535579091
  bootstrap delta MAE(v2-v1) 2025: mean -0.033081124381171 [-0.07727244076398514, 0.01518903471814005] (B=400, season-week blocks)
  skipped rows {'team_mismatch': 97, 'schedule_mismatch': 0} | pool excluded {'no_stat_line_in_season': 816, 'prior_games_lt_6': 330, 'position_out_of_scope': 0} | neutral weeks {'dvp_neutral_weeks': 0, 'weather_no_forecast_weeks': 90003, 'venue_flat_weeks': 0, 'weather_forecast_weeks': 5084, 'weather_climatology_weeks': 0} | 0.4s
  VERDICT: ADOPT - v2 beats v1 on pooled MAE (6.003 vs 6.050) and pooled rank_corr (0.381 vs 0.369); held-out 2025 MAE 6.079 vs 6.111
GATE: PASS (v2 does not regress v1)
GATE STEP 4 PASS: weekly split never-regress (R51)
==================================================================
GATE STEP 5: parlay never-regress (R51)
  $ python3 scripts/backtest_parlay.py --gate
------------------------------------------------------------------
parlay backtest gate: PASS
GATE STEP 5 PASS: parlay never-regress (R51)
==================================================================
GATE STEP 6: kdst weekly split never-regress (R55)
  $ python3 scripts/backtest_kdst.py --gate
------------------------------------------------------------------
[gate] kdst weekly split PASS: flat 4.4418 -> split 4.3227 (split beats flat by 0.1191, 95% CI [-0.1624, -0.0758] excludes 0)
GATE STEP 6 PASS: kdst weekly split never-regress (R55)
==================================================================
GATE STEP 7: leg pool calibration never-regress (R76)
  $ python3 scripts/backtest_leg_pool.py --gate
------------------------------------------------------------------
[gate] leg pool calibration PASS: wide refit is better calibrated (ECE 0.0066 vs 0.0723, margin 0.005), keeps skill (0.1758 vs 0.1427) and carries information (skill > 0.02)
GATE STEP 7 PASS: leg pool calibration never-regress (R76)
==================================================================
GATE STEP 8: browser E2E (playwright web + pwa)
  $ npx playwright test --config tests/playwright.config.mjs
------------------------------------------------------------------
[WebServer] Traceback (most recent call last):
[WebServer]   File "<frozen runpy>", line 198, in _run_module_as_main
[WebServer]   File "<frozen runpy>", line 88, in _run_code
[WebServer]   File "/Users/jliddar/.pyenv/versions/3.12.9/lib/python3.12/http/server.py", line 1314, in <module>
[WebServer]     test(
[WebServer]   File "/Users/jliddar/.pyenv/versions/3.12.9/lib/python3.12/http/server.py", line 1261, in test
[WebServer]     with ServerClass(addr, HandlerClass) as httpd:
[WebServer]          ^^^^^^^^^^^^^^^^^^^^^^^^^^^^^^^
[WebServer]   File "/Users/jliddar/.pyenv/versions/3.12.9/lib/python3.12/socketserver.py", line 457, in __init__
[WebServer]     self.server_bind()
[WebServer]   File "/Users/jliddar/.pyenv/versions/3.12.9/lib/python3.12/http/server.py", line 1308, in server_bind
[WebServer]     return super().server_bind()
[WebServer]            ^^^^^^^^^^^^^^^^^^^^^
[WebServer]   File "/Users/jliddar/.pyenv/versions/3.12.9/lib/python3.12/http/server.py", line 136, in server_bind
[WebServer]     socketserver.TCPServer.server_bind(self)
[WebServer]   File "/Users/jliddar/.pyenv/versions/3.12.9/lib/python3.12/socketserver.py", line 478, in server_bind
[WebServer]     self.socket.bind(self.server_address)
[WebServer] PermissionError: [Errno 1] Operation not permitted
Error: Process from config.webServer was not able to start. Exit code: 1

GATE STEP 8 FAIL: browser E2E
==================================================================
GATE RESULT: FAIL (red — do NOT deploy)
